BlendProperty1,BlendProperty2,BlendProperty3,BlendProperty4,BlendProperty5,BlendProperty6,BlendProperty7,BlendProperty8,BlendProperty9,BlendProperty10
-0.042965810098064404,0.1222899928689003,0.6877136826515198,0.319639760242366,0.3321715295314789,0.9133060931981952,0.6355836987495422,0.47909119725227356,-0.19788548350334167,0.18323001265525818
-0.6947033259368907,-0.5533235669136047,-1.0489728450775146,0.01778638705889354,-0.7181564569473267,0.37045619727938206,-1.040736436843872,-1.2902523279190063,-0.6005642414093018,-0.02009611204266548
1.6499064850272493,1.2190492153167725,0.7531605958938599,1.2787532118786324,1.928849220275879,1.5486263557329394,0.7408164739608765,1.7160282135009766,0.445598840713501,1.8555467128753662
-0.4217496663862965,0.8259642720222473,0.5995813012123108,0.524769507722117,1.8751112222671509,0.33090088931807016,0.6414963006973267,0.5137630105018616,0.6339138746261597,-0.7550689578056335
-0.12660937112508572,-0.5142729878425598,1.0011615753173828,0.20413017448495865,2.4730708599090576,0.014866060346648988,1.0114076137542725,0.3508140444755554,-0.43980127573013306,0.8595557808876038
-1.6274302335863111,-1.5083198547363281,0.22264081239700317,-1.575104587344923,0.003432757453992963,-1.1527770290957438,0.20194856822490692,-0.21398232877254486,-0.9808413982391357,0.23859451711177826
0.7785940034813226,0.44368797540664673,-0.1038409173488617,0.1863827674408963,-0.10461797565221786,0.1987351279704141,-0.0813189297914505,0.2937690317630768,1.1744321584701538,0.4400392174720764
1.80133662713736,0.9808745384216309,0.5162225961685181,0.9887397719439507,-1.4345860481262207,1.095148029092294,0.5259979963302612,0.459470272064209,1.47368323802948,0.42035478353500366
1.1778835088720072,0.7382933497428894,0.7415874004364014,1.5339884151681522,-0.5459103584289551,0.4313369971146027,0.792011022567749,0.06389147788286209,1.1872917413711548,0.7509117722511292
-1.0876042714065093,-0.8567003011703491,-1.8283417224884033,-0.8778897590684223,-1.1839745044708252,-0.2918597274685287,-1.7941890954971313,-0.24491865932941437,-0.6517759561538696,-0.8023818731307983
0.024333027828539154,0.2450704574584961,0.7680495381355286,0.13870319202658715,1.6658247709274292,-0.168723399697002,0.7430006265640259,-0.004142841324210167,-0.5564495921134949,0.8349157571792603
1.03688385850784,0.3430473208427429,0.8085776567459106,-0.2545605481191409,1.1216274499893188,0.34969739420578666,0.7261325716972351,0.7349507808685303,-0.26536694169044495,0.8320726156234741
0.16816627302171494,-0.0073221586644649506,0.8767622709274292,0.07157998488928113,-1.3393118381500244,2.065619879490121,0.8114438056945801,0.7732658982276917,1.2247381210327148,1.603407382965088
-0.5785657397400287,0.37281614542007446,0.5804628133773804,-1.2387157977989718,2.253788948059082,-0.5194132380221564,0.5675379633903503,0.15868838131427765,-1.4025299549102783,-0.35711681842803955
1.044299690985444,1.4698774814605713,0.4201052784919739,1.4049276715965167,-0.20875343680381775,0.9025812183327289,0.4316778779029846,0.82319176197052,0.7048423886299133,-0.6209490895271301
-0.0393101523587672,-0.3801426887512207,0.5720037221908569,-0.4415161963391529,0.5300512313842773,-1.3392456461319573,0.5896873474121094,-0.025477081537246704,-1.4327445030212402,0.27240410447120667
-1.1556953547445892,-1.344961166381836,-0.12366922944784164,-1.5763067579947065,-0.7837744951248169,-0.14736239224417794,-0.16064661741256714,-0.7750975489616394,-0.7075352072715759,-0.9335018992424011
0.006827783914944609,0.2299414575099945,0.45493799448013306,-0.07167487028827141,-0.048097189515829086,0.07666706397790897,0.4459400177001953,1.012360692024231,-0.2258625328540802,-0.6114526391029358
0.11195087095013498,0.007000932469964027,0.8326706886291504,-0.596158353179869,1.7277268171310425,-0.8552111802327342,0.8027675151824951,1.264588475227356,-1.382524847984314,1.1254591941833496
-0.55689338710338,-1.1015745401382446,0.6139340996742249,-0.2733497387791268,-0.7662272453308105,-0.275491501670219,0.5590758323669434,0.48485925793647766,-1.031432867050171,-1.1284888982772827
-0.6499812423091887,-1.4680428504943848,0.4254494607448578,-0.24474279427235812,1.6690939664840698,-0.5719056822345092,0.4945630729198456,0.11031639575958252,-0.4618928134441376,0.5932453870773315
0.686622039094364,1.1816633939743042,0.12937025725841522,1.8863347531022405,1.2670620679855347,1.6740938796873868,0.08418252319097519,0.35263511538505554,0.1812664121389389,1.3352351188659668
0.8388665278263612,1.168357014656067,0.9939984679222107,0.5724218333227059,1.5155303478240967,0.2675155806477429,0.9777923226356506,0.8073959350585938,0.32049715518951416,1.3588117361068726
0.06499425657239888,0.7720658183097839,0.24926425516605377,0.34355247169451475,-0.9773971438407898,0.11209938078462969,0.25253382325172424,-0.3349843919277191,-0.17296884953975677,0.2003694474697113
-1.4089530282588494,-0.7931413650512695,0.037373628467321396,-0.7130998286885505,-0.5503721833229065,-0.4560599016733786,0.00255774543620646,-0.7689762115478516,-0.29047128558158875,0.07027538120746613
-0.46563537603782557,0.09997495263814926,0.2077731341123581,-0.34534424695293375,-0.30929526686668396,-0.23464297896661232,0.19443835318088531,-0.6441991329193115,-0.03725390508770943,-0.890200138092041
0.766405239441258,0.39366239309310913,-0.5681348443031311,1.3280320748510939,-1.323279619216919,-0.3913363522284496,-0.5614619851112366,0.031500257551670074,0.4080350697040558,-0.9780837297439575
-0.16913194490321062,-0.4361151158809662,-0.21492859721183777,-0.5856981473561516,-1.138824462890625,-0.16221940081349703,-0.2188311219215393,-0.7250723838806152,0.6379383206367493,0.5704306364059448
-1.0094706421358153,-1.3440450429916382,0.021744893863797188,-0.47659403324571326,-0.43173959851264954,-0.6258675880945234,-0.013742245733737946,-0.8913490176200867,-0.724250853061676,0.2159779667854309
0.013724965253851511,0.32258617877960205,-0.7903183102607727,-0.7244976728546185,-1.4345860481262207,-0.013039308031085111,-0.7805860638618469,-0.780299723148346,-0.1918686032295227,-1.1136153936386108
-1.553015350295687,0.0010780004085972905,0.24335138499736786,-0.1718964213690936,1.0252056121826172,-0.9750683033700333,0.23063924908638,0.05944572389125824,-1.6933432817459106,0.45035219192504883
-1.5493661273557071,-0.39944589138031006,-0.08519662171602249,-1.0705907256688618,0.36354076862335205,-1.6177814063319342,-0.10927702486515045,-0.025489935651421547,-0.7656211853027344,0.31191709637641907
0.6186647911621259,0.5120341777801514,-0.5159593224525452,0.3821484594923254,0.12300139665603638,-0.5590434557001265,-0.4970885217189789,0.11600971966981888,0.3805486261844635,-0.13835889101028442
0.5254874395047676,0.942062497138977,0.21434389054775238,0.5318775302156095,-0.9565566182136536,0.20501277051406697,0.23227262496948242,1.2507894039154053,-0.07038632780313492,-0.5868479013442993
-0.7979766001246478,-1.1845892667770386,-0.037596020847558975,-0.8154364243676044,0.10131537169218063,-0.3800222646455037,-0.06610537320375443,-0.9105175733566284,-1.8559526205062866,0.2014991194009781
1.4868196541182213,0.7841836810112,0.47116488218307495,0.8042229394923366,0.7902383804321289,0.9132142407418643,0.4543464481830597,1.226316213607788,-0.2750761806964874,0.8655532002449036
-0.24556831328898243,-0.38775748014450073,-0.5697367787361145,-0.2847935932569636,-1.2567243576049805,-0.11651717693386915,-0.5671223402023315,-0.21932566165924072,1.400816798210144,-0.2948322594165802
0.29633451780612063,0.6479509472846985,0.4026126563549042,1.1886691280169341,0.2599017918109894,0.6529693922233478,0.3781149387359619,0.05251497030258179,1.0954535007476807,-0.631667971611023
-1.8832233759771928,-1.1339912414550781,0.0024008320178836584,-1.1066901203488584,0.22712819278240204,0.4470627264549055,0.024940643459558487,-1.3091206550598145,-0.7266249060630798,0.3493843078613281
0.2448820075155595,0.8213845491409302,0.556357204914093,-0.6323686326881218,-0.22324249148368835,0.26457715394328934,0.4997090697288513,-0.1550866961479187,0.44310614466667175,-0.5322280526161194
1.9135454742436353,1.2065715789794922,1.3673593997955322,1.3327807485454677,2.2485263347625732,1.8005354956197364,1.4830952882766724,0.8174874782562256,0.7217943072319031,1.6487116813659668
1.7370131498355827,1.101927638053894,1.0647728443145752,0.7407189795238867,-1.1935765743255615,1.3487608640230055,1.0195807218551636,0.7674024105072021,1.5012304782867432,1.8862072229385376
-1.7332442698902168,-0.7551872730255127,-0.8439006209373474,-1.204221775491474,-0.49685490131378174,-0.28223633876560245,-0.8700088858604431,-1.281580924987793,-1.182072639465332,-1.2523715496063232
0.8787391383698331,0.23070445656776428,0.23923715949058533,0.5120194182631843,-0.33757150173187256,0.8073590039145137,0.21219679713249207,1.553485631942749,0.1607472151517868,0.04656852409243584
-0.5986118519923628,-0.29111939668655396,0.12549592554569244,-1.7245116496370048,1.7563912868499756,-0.6418287365082754,0.10574157536029816,-0.3233034610748291,-1.2003840208053589,0.48492947220802307
0.5650070461958411,0.9288685917854309,0.4181511402130127,1.0149015400203858,0.5556960701942444,0.9838374470683564,0.4283384084701538,0.2712138891220093,0.7746219635009766,-0.8549454808235168
-1.327945951648853,-1.3671399354934692,-0.5578636527061462,-1.3370252922202421,-0.07275090366601944,-1.078314808195882,-0.5735815763473511,-0.7568718791007996,-1.6614248752593994,-0.15395762026309967
-0.023173139258978376,-0.07831504195928574,-0.5652977824211121,0.036215425281663376,-0.434259831905365,-0.6191302724279792,-0.5760180354118347,-0.08911116421222687,0.6468384265899658,-0.4049248993396759
-0.20075790230216237,-0.631533682346344,0.4624687433242798,-0.03598359155971162,-0.8981091380119324,-0.41482597263204934,0.47541001439094543,-0.09022445231676102,-1.2539490461349487,0.006416283082216978
-1.7191499034391209,-1.0483931303024292,-1.9835110902786255,-0.9608915752164903,-0.5551369786262512,-1.3006548915693317,-2.000366449356079,-1.33097505569458,-1.4132335186004639,-1.45095694065094
1.56199354428291,0.6349433660507202,1.467880129814148,0.2686637766245839,2.4096322059631348,-0.5955119354621597,1.6706833839416504,0.0776512399315834,-0.4155232906341553,1.7146282196044922
0.5671916737460597,0.634854257106781,0.9721154570579529,0.20162088617485957,1.028754472732544,0.7990365306234506,1.012497067451477,0.9587697982788086,0.5339797139167786,-0.7994361519813538
-0.041436501257843476,0.1224936693906784,-0.4696173071861267,-0.645538093516981,0.015056162141263485,-0.7855083275554804,-0.4836503863334656,0.2349524199962616,0.5296335220336914,0.42465001344680786
1.2232629826835983,0.7370880842208862,0.30113503336906433,0.6434061854401762,0.5556960701942444,0.15667508746296743,0.2925724387168884,0.5437644720077515,-0.4152277112007141,1.8702512979507446
0.138887949278987,0.45564723014831543,0.38964495062828064,0.11817648710245486,-0.10461797565221786,1.0235797897116252,0.3747333288192749,-0.0775337889790535,0.7317762970924377,-0.29901841282844543
0.8063181209380641,0.2974294424057007,0.45561113953590393,0.5584655590365994,-0.10461797565221786,0.4713295749861523,0.4446665346622467,0.6961343884468079,-0.40018677711486816,-0.8324673771858215
-0.026319991783290884,0.19500523805618286,0.6519960165023804,0.4554134701465074,-0.20875343680381775,1.311291306610387,0.6931728720664978,0.060565508902072906,0.8122060894966125,0.5409197211265564
-2.168070706684178,-0.6895149946212769,0.5023750066757202,-0.4500430785646027,1.3040653467178345,-0.2937120106352679,0.4637531638145447,-0.060163713991642,-1.462066888809204,0.2195841670036316
-0.3640398962824306,-0.10545166581869125,0.05395151674747467,0.0739492376828488,-1.3601752519607544,-0.4963691522869172,0.043259117752313614,-0.39298951625823975,0.39289528131484985,-1.226238489151001
-0.3629029105461989,-1.0252434015274048,0.2800966799259186,-0.9274136388602625,1.1662943363189697,-0.8007571321553253,0.3301076889038086,-0.8016979098320007,-0.6891105771064758,0.6829244494438171
-0.17023360102449106,0.08257850259542465,-1.9282333850860596,-0.5795181808880724,0.035459958016872406,-0.5518309603642321,-1.8962663412094116,-0.656180739402771,-0.21780045330524445,-1.1509474515914917
0.11593611494028881,-0.6284789443016052,-0.12255686521530151,-0.27421380208929813,-0.9455699324607849,0.48016533061595795,-0.13507963716983795,-0.5557485222816467,0.9277106523513794,-0.9042409658432007
1.1703706385061912,0.35457944869995117,0.6307792067527771,1.2718676888320304,-0.2287968099117279,1.0686558741207077,0.64885413646698,0.9273345470428467,1.0755118131637573,1.2392758131027222
-0.5984975723022141,-0.32106220722198486,0.7573683857917786,-0.28423260774744724,1.0522384643554688,-1.0430108750486156,0.7916426062583923,-0.042744074016809464,-0.9860899448394775,-0.14451023936271667
-0.5830865379791806,-0.2940485179424286,0.9329142570495605,-1.2003770203752135,0.19315485656261444,1.0500482296584315,1.0195034742355347,0.7384494543075562,0.7889998555183411,-0.6056296229362488
0.46711190200546227,-0.2687770128250122,-0.07867909222841263,-0.28741013102531565,0.5556960701942444,0.17762349143933712,-0.11433502286672592,-0.14633840322494507,0.7678378820419312,-0.08435053378343582
0.9896077937554949,1.573076844215393,0.6597003936767578,0.6327792321751583,-0.1331336498260498,1.218967578827659,0.6321945786476135,0.8330609798431396,0.44688674807548523,0.8000948429107666
-0.8739771237550619,-0.7495306730270386,-0.968479335308075,0.297202417271387,-1.0271657705307007,-0.8996897172256212,-0.9954590201377869,-0.03981390595436096,-0.7792009115219116,-0.8105162978172302
1.4072969261409616,1.179564118385315,0.5789963006973267,1.006395224025074,-0.45445072650909424,-0.1500140170340113,0.5860276818275452,1.1599464416503906,0.0712190717458725,1.644431710243225
-0.19889898226558686,-0.3346033990383148,0.41924580931663513,-0.2814635818088759,-0.2855198383331299,-0.6396579784088167,0.3996529281139374,-0.5794991850852966,0.4228880703449249,0.5192155241966248
-0.3259756923767323,-0.21475838124752045,0.10651417821645737,-0.18885277972071693,-0.7916210293769836,-0.5569600185521619,0.0964355319738388,-0.21111443638801575,-0.2762972414493561,0.6750839352607727
0.4694142863639359,0.06000746041536331,-0.14943048357963562,0.16984428401688745,0.2599017918109894,0.3140645384658072,-0.1556708961725235,0.10513494163751602,0.10661818087100983,-0.97308349609375
0.3186945598130003,0.6971260905265808,1.3535571098327637,-0.48117643373120683,2.4214980602264404,1.1934111429676806,1.4608715772628784,0.3182135224342346,0.10019820183515549,1.1250287294387817
1.6856188240930186,0.8933508396148682,1.148490071296692,1.021899763421151,1.5272159576416016,0.16703825717666881,1.212732195854187,0.9221307039260864,0.4635728895664215,1.8499948978424072
1.3534579948163432,0.5264691114425659,-0.11282648891210556,0.8171623943465087,-0.5459103584289551,-0.3364789828646413,-0.11124759167432785,0.32494351267814636,0.4399055540561676,0.2686307728290558
-0.4181642256619739,-0.31519731879234314,-0.3171559274196625,-0.14496467435371674,-0.2855198383331299,0.1675566396046116,-0.3264143466949463,-0.2817400395870209,0.1274838149547577,-0.8350943922996521
-0.3046138613921042,0.03659212961792946,0.5172498822212219,-0.4368333309671828,-1.1165417432785034,-0.4404048360292998,0.5010214447975159,-0.3157132565975189,-0.8177481293678284,-0.8771379590034485
0.8357775902656781,0.9428573846817017,0.9161110520362854,0.492081555339343,1.0189156532287598,1.5689051199085577,0.8942729830741882,1.7809319496154785,0.37508657574653625,-0.34009724855422974
0.4541613802482791,0.6403273344039917,0.3131457269191742,0.9131913261739422,-0.6311057209968567,0.4441178031633325,0.34128227829933167,0.766459047794342,0.764498770236969,0.03681597113609314
0.40420256346459404,0.6373647451400757,-1.281277060508728,0.5297437411914762,-0.7050663828849792,0.06794893260787752,-1.2940548658370972,-0.2986392378807068,1.780505895614624,0.35190650820732117
-0.27131746789517897,0.5454182028770447,0.9832901358604431,0.25276226112321903,-0.44940248131752014,-0.2853780300127866,1.069189190864563,1.152785301208496,0.0726686343550682,1.2432383298873901
1.120493962881782,1.1295297145843506,0.7939853668212891,0.6245963487480648,0.3246443271636963,0.3129140044757821,0.8409295082092285,0.3586411774158478,0.1185179129242897,-0.5702493786811829
-0.6020777782223172,-0.15239837765693665,0.6612829566001892,-0.8156777001646376,-0.7230941653251648,-0.0787996538089338,0.6211597323417664,0.1949824094772339,-0.4000198543071747,0.39377933740615845
0.9539662694298219,0.3905649483203888,0.881808876991272,0.7235541906057525,-0.47370532155036926,1.6531265568708544,0.8898218274116516,1.2678847312927246,-0.4329271912574768,0.4827595353126526
-0.4785381227512012,-0.45165717601776123,-1.298357605934143,-1.0101713365028862,0.05502227693796158,-1.4946571980000298,-1.3302891254425049,-0.9492772221565247,-0.7199075222015381,-0.3389442563056946
-0.23093170571358215,-0.24848368763923645,0.9301826357841492,-0.06864081757462256,1.2381658554077148,0.009949413201494634,0.981127917766571,0.11601684987545013,-1.884989619255066,0.6636815071105957
-0.8282773474743518,-0.8772153854370117,0.9620254635810852,-1.1266888644781952,0.003432757453992963,0.577295455141158,0.969272792339325,-0.3264264166355133,-0.5109829306602478,-1.162800669670105
-0.44604108496980244,0.15381763875484467,0.5053921937942505,-0.21007383736820293,-1.095508098602295,-0.6338027597549909,0.45848244428634644,0.40870192646980286,-0.5826930999755859,-0.45083680748939514
-0.43337749530237546,-0.3816372752189636,0.40528127551078796,-0.47878869776857397,-0.46613776683807373,-0.7822336086360114,0.3763231635093689,-0.8070271611213684,-0.675599992275238,-0.4006027281284332
0.6192911098860941,-0.6532592177391052,0.8641190528869629,0.6473322967184186,1.9177197217941284,0.01293051793899033,0.8893113136291504,0.282515287399292,-1.3974380493164062,0.7620786428451538
-0.26916413179061527,-0.3314908742904663,-0.34563690423965454,-0.4268769853191592,-0.870035707950592,0.03446638226308398,-0.35547584295272827,-0.03418147563934326,1.0195151567459106,-1.2766109704971313
-1.2209858980445414,-0.32266369462013245,0.2734162509441376,-0.6828110060663278,-0.4835558533668518,-0.5937332343796329,0.25835949182510376,-0.9614893794059753,-1.3330036401748657,-0.5597798228263855
0.19384597712442028,-0.6332352161407471,1.1963117122650146,1.1149885678806393,0.6752903461456299,-0.2982095727673257,1.269730567932129,0.5395369529724121,-0.3147616684436798,0.7891156077384949
1.7072349826009594,0.8279502391815186,0.7769941091537476,0.518183300601938,-1.0109208822250366,0.5628047222696299,0.7943123579025269,0.798021674156189,1.0960074663162231,1.9222886562347412
1.2116139515454432,0.8334695100784302,-0.2420204132795334,0.7711696376113176,-0.260479211807251,0.8609243755927937,-0.23535053431987762,0.47396716475486755,1.6147831678390503,-0.6468371152877808
-1.4734901357968493,-1.0547820329666138,0.23471325635910034,-1.447535759821653,0.5525946617126465,-1.712058316814777,0.22017830610275269,-0.07492505013942719,-1.7448453903198242,-0.07436089217662811
0.18936254537313257,0.24033135175704956,0.21472805738449097,-0.02255794480594361,-0.17260123789310455,-0.16266401649455284,0.19539812207221985,-0.07822485268115997,-0.14424894750118256,-0.697348415851593
-0.6504150405327069,-0.03470930829644203,0.2618233561515808,-0.64299987195451,-0.9565566182136536,-1.478579790856004,0.23520827293395996,-0.2972736954689026,-0.34945911169052124,0.20506078004837036
-0.23636491558517417,0.15653623640537262,-1.4436085224151611,-0.1945775793285281,-0.04808701574802399,-1.1056441325748745,-1.419236660003662,-0.6122215390205383,-0.1621043086051941,-0.7738420963287354
-0.28411584154960434,-0.2831338047981262,-0.30307865142822266,0.09692990212534623,0.5529195070266724,-0.3536004065524264,-0.29204216599464417,-0.19962231814861298,-0.680657148361206,-0.4872993528842926
-1.3269042795796138,-1.0319044589996338,-1.6139233112335205,-1.1916528669619215,0.5001628994941711,-0.7020768289760878,-1.6015180349349976,-1.5138907432556152,-1.0796847343444824,-0.39868685603141785
-0.6464130411026185,-0.8319170475006104,-0.3667541444301605,-0.6441366974127244,-0.8116859197616577,-0.07171577071374305,-0.36589714884757996,-0.6191345453262329,-0.0013787070056423545,0.17694182693958282
-1.9951541670881463,-1.03958261013031,-1.0034431219100952,-1.5364331620277383,-0.870035707950592,-1.3411558879336545,-1.0130337476730347,-1.1985111236572266,-1.163522481918335,-1.3185464143753052
-0.6381292488624055,-0.9324955940246582,1.0357370376586914,-0.4429631517029081,0.9636555910110474,-0.4087071739249357,1.0702874660491943,-0.26766130328178406,0.14471012353897095,0.22463923692703247
0.42027473903971335,0.3364406228065491,1.0964018106460571,1.000565826696757,0.11263738572597504,0.5728031326316178,1.0631628036499023,0.832935094833374,-0.861394464969635,0.5576440691947937
0.5501772068633731,1.040335774421692,-1.7122069597244263,-0.19100276216189238,-1.4345860481262207,0.6251132149669161,-1.7052475214004517,-0.5713538527488708,2.0297963619232178,-0.777739942073822
-0.7043886802978139,-0.9567902088165283,-0.015206737443804741,-0.24303972887052724,0.3321715295314789,-0.8497913648062746,-0.02245771698653698,-0.21454764902591705,-0.36011162400245667,-0.9763465523719788
-0.7692247042967805,0.19474050402641296,0.14272138476371765,-0.695351048592419,-0.7916210293769836,0.36986646810548857,0.1282457709312439,-0.4137759506702423,-1.269088625907898,0.12350551784038544
0.1190490512289523,0.024388976395130157,0.8671315908432007,-0.17422353377001412,0.5529381632804871,-0.6586371426648286,0.7884498238563538,0.02183709293603897,-1.1845703125,0.6738184690475464
0.8438369379620455,0.127735435962677,-0.9204059839248657,0.5939405963370689,-0.434259831905365,0.3285185128578761,-0.9269370436668396,-0.450770765542984,1.0256818532943726,-0.9203225374221802
0.038532078911391425,-0.0645102709531784,1.3243746757507324,0.7248443028042489,1.2734942436218262,-0.509714827204636,1.310958981513977,0.6083967089653015,-0.02861829660832882,0.9476015567779541
0.6094257475481633,0.3815242350101471,0.5696032047271729,-0.032803706823903864,-0.2686275839805603,0.7432496823150732,0.5607460737228394,0.8312622308731079,0.815532922744751,1.3695043325424194
-0.026412302836041193,-0.4363338053226471,-0.20456483960151672,0.03502059025014673,0.18013179302215576,-0.8229551731980596,-0.19778582453727722,-0.11490829288959503,-0.5542105436325073,-0.7480170726776123
-0.38043136741720096,-0.5827958583831787,-0.90993332862854,-0.31627635811821114,-0.8024370074272156,-0.4268158787779386,-0.8685322403907776,-1.2832248210906982,-0.1160619780421257,-0.17459924519062042
1.0015929083791204,0.09989655017852783,-1.1921392679214478,0.7296824789590428,-0.35535550117492676,0.8899769320435409,-1.158669114112854,0.08883540332317352,0.7206133604049683,-0.27622348070144653
-0.6273830645174748,-0.32480913400650024,-0.7663694620132446,-0.4487448396058576,0.36354076862335205,-0.9367645421475159,-0.7696231007575989,-0.5517651438713074,0.2578670084476471,-1.1072216033935547
-0.3034540146445308,-0.15671803057193756,-1.557649850845337,-0.7008604273625313,-0.7837744951248169,0.22844509599482238,-1.5604242086410522,-0.6878487467765808,-0.07171449065208435,-0.795975923538208
-0.15992750712388737,-0.09671708196401596,0.6801749467849731,-0.7038215060792326,2.289600372314453,0.7778328427097897,0.6429821252822876,-0.11712493747472763,0.44990211725234985,-0.48782598972320557
-0.44672373805952037,-0.22815734148025513,-2.013035535812378,-0.006627438040929818,-1.4345860481262207,0.5291598688800851,-1.9929176568984985,-0.5360186696052551,0.9856137037277222,-1.2949111461639404
0.8104966299924302,0.5067854523658752,0.44936704635620117,1.0572034264275183,0.2599017918109894,0.4005927966086463,0.43175750970840454,0.6164801120758057,-0.22709085047245026,0.5629751086235046
0.03402300376594677,0.09839288890361786,0.10204653441905975,0.11619038847656012,-1.095575213432312,1.2986471321230484,0.056591395288705826,0.42834773659706116,0.9075261950492859,0.08047132939100266
-0.731477630535853,-0.7498021721839905,0.36283886432647705,-0.9028458968253921,-0.1331336498260498,-1.3346793211638812,0.34115108847618103,-0.4218342900276184,-0.2959015667438507,0.7090402841567993
0.3339788478484781,-0.207118958234787,-0.26073557138442993,0.3319891406591114,-0.24354250729084015,0.369604649242902,-0.2773940861225128,0.312091201543808,0.2546479403972626,-1.0539062023162842
-0.660099034065463,-0.6404534578323364,-1.0540512800216675,-1.4119613490619778,0.10129669308662415,-0.9589405267819489,-1.0331313610076904,-0.8055303692817688,-0.8326238989830017,-1.1266578435897827
-2.063516789171002,-1.6178680658340454,-2.0923595428466797,-1.3362836643810847,-0.1734941154718399,-1.4540128412659694,-2.0753328800201416,-1.2409350872039795,-0.7071605324745178,-0.3320978283882141
1.33660255026338,0.8927534222602844,-0.05447201058268547,0.1575111985658242,0.3742135763168335,0.42904089908872306,-0.058838654309511185,0.11625906080007553,0.2665601670742035,0.3563956320285797
-0.5351979783714812,-1.0014421939849854,0.7180734872817993,0.002317076654324353,2.088921070098877,-1.5375356085071963,0.7403439879417419,0.3471999764442444,-1.253946304321289,0.24658560752868652
0.6600278919981201,0.3007557988166809,-0.9484184384346008,0.6555353714148078,-1.2672094106674194,-0.8720389458340037,-0.8961375951766968,-0.3847602605819702,1.0048503875732422,-0.9040617942810059
-0.4387698881821128,-0.39106497168540955,-0.0010378083679825068,-0.3646969031114423,1.838425874710083,0.5480400417546936,0.007822874933481216,-0.5653679966926575,-1.07310152053833,0.10054603219032288
1.6461905920830313,1.3075268268585205,1.311083436012268,2.2562966169031657,1.968300223350525,1.7713990299052427,1.3551290035247803,1.1733934879302979,0.7322351336479187,0.2380228042602539
1.7175969157097073,1.3634531497955322,0.7516733407974243,1.69739579207974,2.2981605529785156,1.4892503674723516,0.7310184836387634,1.478883981704712,1.1927680969238281,0.13115090131759644
1.313279702985191,1.034425973892212,0.8115204572677612,1.6807315423492595,-0.870035707950592,0.5524735333072442,0.8033632636070251,0.8148435950279236,1.3458036184310913,-0.19906243681907654
0.14136146840518046,1.0581938028335571,-0.9821502566337585,1.6041782600432355,-0.528895378112793,0.6299300789527323,-0.9640514254570007,-0.3852747678756714,0.31619229912757874,-1.3402645587921143
-1.2535530061434257,-1.363600492477417,0.20352984964847565,-1.2657240021845986,1.5554776191711426,-0.6800984661604539,0.1855635792016983,-0.5697458982467651,-0.11698105186223984,0.3387424349784851
-0.49878815072301463,-0.13235785067081451,-1.3186230659484863,0.36613594106906505,-1.2672094106674194,0.6730191953719953,-1.2741187810897827,0.3196406066417694,0.3791326880455017,-0.2870596945285797
0.4914956630641324,-0.05971984192728996,0.18495714664459229,0.5007519854283586,0.9148821830749512,0.9420402882636523,0.21746894717216492,0.49477824568748474,0.469803124666214,0.19503651559352875
-0.2682419275970481,-0.4094029664993286,0.5555187463760376,-1.447375623072556,0.5556960701942444,-0.40654632011324915,0.5814012289047241,-0.34878841042518616,-1.555325984954834,0.5435462594032288
1.5514986735203333,0.18948587775230408,0.32193881273269653,1.0060619000953728,0.18013179302215576,0.36630957832817357,0.2908470034599304,0.02699785679578781,0.568595290184021,1.553188681602478
0.14549420607084404,-0.4917673170566559,0.6094237565994263,0.22544392834136723,1.967501163482666,-0.6156499031060149,0.5754910111427307,-0.16890375316143036,-1.4406524896621704,-0.3831668198108673
-0.7770055499488038,-0.2599049210548401,0.7642353177070618,-0.6224916796487256,-0.0962153747677803,0.7393470880207463,0.8354960083961487,0.744307279586792,0.2473141998052597,0.008197380229830742
0.43748709169116307,0.5050646066665649,-0.9299419522285461,0.09743710762252294,-0.33757150173187256,-1.2069558196085393,-0.9197080135345459,-0.15027469396591187,-0.42126160860061646,-0.9120492339134216
-1.0608340863723718,-0.46635615825653076,-1.9592537879943848,-0.9826382660009664,-0.9094212651252747,-0.7375415500834647,-1.951177954673767,-0.5446391701698303,0.3429262638092041,-0.41268688440322876
0.8267688970920034,1.0387362241744995,0.761631190776825,0.64414233724831,-0.918342649936676,0.40518327732018306,0.7317292094230652,0.9068412184715271,1.1084949970245361,1.137275218963623
-0.012938394132108372,-0.0913214236497879,-0.019595390185713768,0.2782611960368674,0.4534853398799896,-0.07924087063914834,-0.03784962743520737,1.0252221822738647,-0.5404263734817505,-0.3286580741405487
0.8583774494768346,1.1255487203598022,0.6062144041061401,0.14740978708965757,0.035459958016872406,0.7210567633408183,0.594862163066864,0.2938555181026459,1.5338077545166016,1.9767882823944092
0.3123030231213726,1.1242221593856812,0.36350128054618835,0.4882855966880027,-0.5916189551353455,1.618358916567934,0.34663915634155273,0.359134703874588,0.26675936579704285,-0.17634905874729156
0.051658079427359484,0.1599671095609665,-0.12670287489891052,-0.3134561246012328,-0.37313735485076904,-0.23615462649566682,-0.14302587509155273,-0.3605286777019501,-0.1573268622159958,-0.7924199104309082
0.8786351786351159,0.8536884784698486,-0.12091375142335892,1.1358938838914632,-0.10461797565221786,0.8179044522265839,-0.09976298362016678,0.7946568131446838,0.7060990929603577,0.17642824351787567
-2.0142751807328576,-1.1085480451583862,-1.5777515172958374,-1.3621384914628725,0.035575494170188904,-1.3592670570018768,-1.5927443504333496,-1.3387501239776611,-0.1655081957578659,-0.26153430342674255
1.1731172722131733,1.0157915353775024,-0.4323250353336334,0.03850005998809883,-0.4835558533668518,0.7402494844176641,-0.4346270263195038,0.2210027277469635,1.0559501647949219,-0.4460320770740509
-1.3288744296122792,-0.5059182643890381,0.05785833299160004,-1.0645022656959702,0.5521100759506226,-1.1910903367557943,0.01979617215692997,-1.1439422369003296,-0.6942733526229858,0.2813301980495453
-0.7946636485393731,-0.050906952470541,-0.0934302806854248,-0.4269649991659202,-0.21785207092761993,-0.11082877033572514,-0.09132828563451767,-0.6386845707893372,-1.5074561834335327,-0.7173737287521362
0.043347657879104926,0.2907651960849762,-0.9206205010414124,-0.03482103038179901,-0.44940248131752014,0.06104041132469338,-0.9037506580352783,-0.5446939468383789,-0.745937705039978,0.8448145389556885
1.5071558885518523,0.32090631127357483,0.6944851279258728,0.9208876210918365,-0.3119359016418457,1.220076384985359,0.6597177386283875,1.1012930870056152,2.0010383129119873,0.1347043514251709
1.0081939898864984,0.32732146978378296,0.6417983770370483,0.48851391406624933,-0.8116859197616577,0.2946616210499234,0.5957942008972168,1.1801100969314575,0.45226773619651794,0.5714382529258728
1.2134152686282031,0.43727368116378784,-0.5208187103271484,0.6383604285304131,-1.2993046045303345,-0.1560314302167336,-0.5008803009986877,0.3184525966644287,1.513661503791809,0.4552731513977051
-0.08220248777333766,-0.29951751232147217,-0.12276322394609451,0.38507795509771514,0.4534853398799896,-0.9780700972938763,-0.1548851877450943,0.1992737501859665,0.3339429199695587,1.0494163036346436
-0.8070194425127092,-0.4936799108982086,-0.15447741746902466,-0.2527730316472048,-0.005837232805788517,-0.12300764279312539,-0.15420842170715332,-0.47147589921951294,0.6547128558158875,-0.12024779617786407
-0.34527116552421755,-0.10656813532114029,0.07948831468820572,-0.1346819662905911,0.7522720694541931,0.546298810898621,0.05858134478330612,0.9840444922447205,0.18172794580459595,-0.4767516851425171
0.644918910931036,0.2834976613521576,0.508444607257843,-0.3408251384626535,-1.3393017053604126,0.30462743126695907,0.49121204018592834,-0.1104365736246109,-1.188058853149414,-0.6199524402618408
1.0405652305327846,0.3936254382133484,-1.6327863931655884,0.4102619544695354,-0.41066956520080566,-0.1289775221986761,-1.600698709487915,-0.6996744275093079,1.2137441635131836,-1.08538019657135
0.6746004552507694,1.4138635396957397,0.46077290177345276,0.7140501595483485,-0.4450981020927429,0.8035037855683572,0.43275198340415955,0.8898250460624695,1.6209567785263062,1.7278534173965454
-0.6488490093375331,-0.7695955038070679,0.3547813892364502,-0.02568506189514414,1.8469997644424438,-1.060408708175632,0.2991620600223541,0.4338762164115906,-1.7626029253005981,0.5012539625167847
0.6751629559684805,-0.2855125367641449,-1.4341377019882202,0.6995183245873157,-0.23684565722942352,-0.6879832850482237,-1.396786093711853,0.021751152351498604,0.2756577134132385,-0.7532249093055725
-0.8255137128826648,-0.46887630224227905,-0.45252636075019836,-0.22202578941817402,-0.3882599174976349,0.5913575942619221,-0.471581369638443,-0.8483322858810425,-0.4769117832183838,-1.1705131530761719
-1.1686392245731,-0.9050570130348206,0.042061034590005875,-1.1846074953960075,0.10129669308662415,-0.14778024263731163,0.020058853551745415,0.12888367474079132,-0.486040323972702,-1.0385639667510986
-0.6303185675136681,-0.3061606287956238,1.151075005531311,0.1348693358885105,1.9027267694473267,-0.6238792790441783,1.3337900638580322,0.31956931948661804,-1.6040451526641846,0.2538468837738037
0.29123568358713603,-0.12670472264289856,0.4284152388572693,-0.9459305134529,-0.09373871982097626,0.5829326774940838,0.4582240581512451,-0.10449466109275818,-0.2201678305864334,0.12098344415426254
0.5943532333710221,0.24041195213794708,-2.1656980514526367,0.5498196701339336,-0.6830758452415466,0.32068705456236096,-2.1406595706939697,-0.26543664932250977,0.5757932066917419,-1.1613072156906128
0.45792610242156984,1.0211595296859741,0.49251049757003784,0.8369580415336116,-0.47370532155036926,0.6699220645831301,0.4641002118587494,0.6135183572769165,0.05233702063560486,-0.4257444441318512
-0.3407678669656037,-0.31919336318969727,-0.21089257299900055,-0.023497589773493033,-0.6771587133407593,0.45483699456569593,-0.2255484163761139,-0.08908896148204803,0.01786610670387745,-0.9023562073707581
0.2981154759018617,-0.16209881007671356,-0.5845950245857239,0.22788275882147557,-0.16421975195407867,0.04739041090103509,-0.5807777047157288,-0.430298775434494,-0.7336304187774658,-1.0595301389694214
-1.0892829775023327,-0.6508803963661194,0.28740766644477844,-0.22310187921006217,1.4470479488372803,-1.20262266500684,0.2599533200263977,0.15982994437217712,-0.7918198108673096,-0.38289135694503784
-0.4655841177111628,0.5909890532493591,1.4808622598648071,0.5685676125536124,2.1743967533111572,0.040750905626373755,1.6117372512817383,-0.17985953390598297,-1.2243669033050537,0.6496140956878662
-0.7165632009736584,-0.4494177997112274,0.8182355165481567,0.30002168243371347,-0.6485040187835693,0.9373663084365114,0.7677158117294312,0.18346184492111206,0.17393605411052704,0.6354603171348572
0.6810863032565105,1.1004655361175537,1.2983708381652832,1.2182368008560844,2.1983907222747803,0.8941781897762908,1.3368253707885742,1.420382022857666,1.05177640914917,1.7449755668640137
0.054832953148860504,0.6624752879142761,0.11558011174201965,0.20373092885383653,-0.3882497549057007,-0.9660773355574015,0.09786886721849442,0.3856790065765381,-0.6319130063056946,0.9049690365791321
1.229837977179475,0.11598095297813416,0.5593141317367554,1.0366708588304714,-0.528895378112793,0.5394835060530965,0.4704870581626892,0.9612025022506714,1.1764715909957886,1.0326911211013794
-0.6850665980177689,-0.8765950798988342,0.7170169353485107,-1.0145893893871463,0.5693174004554749,-1.218217230040836,0.6602824926376343,-0.13205015659332275,-0.5590289235115051,0.013787447474896908
0.20818250740033203,0.334049791097641,0.21389491856098175,0.5206151814346429,-0.17260123789310455,-0.7433705665264696,0.21198581159114838,0.037937987595796585,-0.7410842776298523,1.5932385921478271
0.1050903971708366,0.4461270272731781,1.2739627361297607,1.15073837444718,1.5365818738937378,0.6717533981195807,1.3843671083450317,0.9209058284759521,0.5007979869842529,-0.13506166636943817
0.18786979996600545,0.2760365605354309,-0.9280139803886414,0.06421997315343056,-0.11906900256872177,-0.5072222485864055,-0.9334668517112732,0.08240161091089249,0.07767542451620102,0.26536017656326294
0.6594992069677936,0.9343905448913574,0.9971939921379089,1.1097159892972117,-0.3862692713737488,1.3704112462898994,0.9216483235359192,1.57746422290802,0.39034542441368103,1.651991367340088
-0.7677079118860746,-0.06610047072172165,1.3868215084075928,0.3752181689268003,2.7025606632232666,-0.2609336587094895,1.505621314048767,1.2422906160354614,0.15173844993114471,0.39083799719810486
1.4545270614550276,0.9466322660446167,0.028326738625764847,0.51662696555767,-0.9994733333587646,0.18059176289160192,0.011729487217962742,-0.02120344340801239,-0.1625041514635086,1.6377320289611816
-0.5117622644137966,-0.2895154356956482,0.39972683787345886,-0.5438665972955252,0.09629030525684357,0.4276122686942651,0.3550724983215332,0.3279772698879242,0.35395947098731995,-0.06183476746082306
0.9615022674690039,0.5700914859771729,1.2057445049285889,1.3249017860214225,-0.002428503939881921,0.4768660340917265,1.2179433107376099,1.1352280378341675,0.20950283110141754,1.001415729522705
-0.10452190432165978,0.2747507095336914,-1.2824172973632812,-0.8606341332360264,-0.3932581841945648,-0.9574584831448016,-1.2493613958358765,-0.49943533539772034,0.5014927983283997,-1.056742548942566
-1.3414058737918657,-1.1828157901763916,-0.19757463037967682,-1.379208239065074,-0.45832836627960205,-1.294358818559264,-0.2016402781009674,-1.2166759967803955,-1.3020092248916626,-0.6167947053909302
-1.283260844331859,-1.118343710899353,-1.8528363704681396,-0.4400472680415408,0.20211674273014069,-1.2308041520024124,-1.8417937755584717,-1.3466691970825195,-0.914280354976654,-0.7263593673706055
1.0197945662387322,0.39326056838035583,0.8948698043823242,1.2853653562839489,-1.4304407835006714,1.5904860419817985,0.9337562322616577,1.1970338821411133,1.4598486423492432,-0.5470398664474487
2.1216853823882147,0.9375210404396057,1.1819050312042236,1.115457075848668,2.2899742126464844,0.7096173272770392,1.2460871934890747,1.8329764604568481,0.8360811471939087,1.8290623426437378
0.05964085508274592,0.9677571654319763,1.2443888187408447,0.8747584653394346,1.859015941619873,0.7449384999997437,1.3442132472991943,1.324225664138794,1.2850463390350342,0.020282983779907227
1.0954925327025586,0.1001625657081604,0.18898262083530426,0.20882653229133347,-0.14026902616024017,-0.031396016917988295,0.2090090960264206,-0.14465318620204926,0.7653650641441345,1.2378491163253784
-0.13655941723187265,-0.5008566975593567,0.39530229568481445,-0.91950108093791,1.4794594049453735,-0.4117200321289637,0.4146849811077118,0.19392184913158417,-0.36717864871025085,0.28779786825180054
0.8793031966665068,0.834655225276947,1.2850146293640137,1.0932333872238116,-0.689253032207489,0.9736632860220061,1.43096923828125,1.2559518814086914,0.0779186487197876,0.22715148329734802
-0.47159398473759806,0.02987426333129406,-1.9008387327194214,-1.0486488613993965,0.16764983534812927,-0.5502593181252663,-1.8720741271972656,-0.6360898017883301,-0.8740532994270325,-1.533174991607666
0.8927480133980922,0.8002131581306458,1.0066605806350708,1.2106937184279867,-0.43776124715805054,1.0735520422675993,0.9402679800987244,1.0169228315353394,0.734623908996582,1.7167761325836182
-1.7519368101399855,-0.9732242822647095,-1.309912085533142,-0.6422266593711272,-0.37714430689811707,-0.6346084935891811,-1.2623283863067627,-1.1128060817718506,-0.8561351299285889,-0.2704772651195526
-0.14253137666799268,-0.3701786696910858,0.2073710411787033,-0.582390538332835,-0.564853310585022,0.19898511801471466,0.1979382187128067,0.05947946012020111,-0.5820563435554504,0.5398695468902588
-1.1867542777527547,-0.6355944871902466,-1.788542628288269,-1.726312878065376,-0.434259831905365,-1.4977006188866189,-1.7789193391799927,-1.2458505630493164,-0.08737342059612274,-1.478129506111145
1.346054403034911,0.6849057674407959,0.8928128480911255,0.9057582553258456,-1.1553514003753662,2.362514721638153,0.9547296166419983,0.749807596206665,1.7431925535202026,1.88986337184906
1.212544380124656,1.5945788621902466,-0.08764257282018661,1.0287352012791262,-0.22324249148368835,0.6614490813412466,-0.10078608989715576,0.740717351436615,1.3612521886825562,1.6536020040512085
2.365117495077994,1.9010437726974487,1.0528497695922852,0.7794603225953626,1.1811738014221191,1.0116198093911237,1.1422805786132812,0.638968825340271,-0.10874716937541962,0.0619136281311512
-1.1586006440216412,-1.0360722541809082,0.4420563876628876,-1.919131131564209,0.912108302116394,0.5201108536419857,0.46257081627845764,-0.6398255228996277,-0.13221171498298645,0.36400648951530457
1.5433346693098695,0.7844556570053101,1.1760801076889038,1.4634933266930892,-0.4835558533668518,0.6601881741869037,1.149720311164856,0.9827117919921875,0.37617722153663635,1.83634614944458
1.0495161408521796,0.5170329213142395,0.1873593032360077,0.6892043844322047,-0.10460779815912247,-0.28300245814478214,0.1743939071893692,1.3331859111785889,-0.296891987323761,1.6958216428756714
0.6827267150826013,0.9339227676391602,0.003313762368634343,0.9743733213306595,-0.3882599174976349,1.3067498549235033,0.001178812817670405,0.9144887924194336,0.4305431842803955,-0.6702634692192078
-1.1506645172811838,-0.9684871435165405,-0.4157099425792694,-1.6439837405586695,0.03798021376132965,-0.04485814266710723,-0.4121321439743042,-0.47873345017433167,-1.1560251712799072,0.44105395674705505
-0.532730577118349,-0.766109824180603,0.7566218376159668,0.5211396142394442,1.8970403671264648,-0.31750208772189786,0.6868376731872559,0.5116559863090515,-0.48823899030685425,0.6065297722816467
0.37655174763416444,0.3768884539604187,-0.5098770260810852,0.6453159919975203,-0.3967696726322174,0.32701394000311795,-0.517368733882904,0.3713087737560272,0.9166909456253052,0.9985602498054504
0.057083027554342046,-0.06285500526428223,0.4415475130081177,0.4049096802797463,-0.7662272453308105,-0.17600948343730544,0.39717960357666016,0.6740705966949463,0.21652935445308685,-0.3976273238658905
-0.5759126903851166,-0.004179717972874641,1.0814725160598755,-0.5664311841986867,2.2846949100494385,-0.5266085565933071,1.0995126962661743,0.6476859450340271,-0.3805805742740631,-0.7154043316841125
0.42299239852504755,0.19576571881771088,1.065003752708435,0.30698748554260774,1.3114603757858276,-0.7082236745661993,1.1007696390151978,-0.39312905073165894,-0.13852356374263763,-0.1834716647863388
-0.3649481600797761,-0.18800555169582367,-0.47975680232048035,0.0880241187477163,-0.07274465262889862,-0.4382816662412697,-0.48610493540763855,-0.7153105139732361,0.9008373618125916,1.0798288583755493
0.7889192229624838,1.7091548442840576,1.3701094388961792,1.3448278478993643,2.0335259437561035,1.6326432709031635,1.410643458366394,1.4164533615112305,1.8028799295425415,-0.5554966926574707
1.4116374533557416,1.652397632598877,1.1867247819900513,0.6625183399243053,2.129268169403076,0.9180370997096328,1.2764161825180054,1.0056232213974,1.2425720691680908,0.31328535079956055
0.2711582001364252,-0.21574164927005768,0.7183618545532227,-0.21765262354915632,1.4683847427368164,0.5752752202660443,0.6851511001586914,1.5246787071228027,0.20085498690605164,-0.8586503863334656
-1.1089044857728958,-1.6097124814987183,-0.6269626021385193,-1.54233869362399,-0.46613776683807373,-2.076707734262621,-0.633253276348114,-1.1399505138397217,-1.2776618003845215,0.24296043813228607
1.4995065298064312,1.4542573690414429,0.5483241081237793,0.4363189306325349,-0.8285048007965088,1.4792415044309593,0.5602296590805054,0.380499005317688,1.2931945323944092,-1.104348063468933
-0.24111915866796466,0.02539445273578167,-0.9255187511444092,-0.3424183271855342,-0.2686275839805603,0.3565758065720464,-0.9403278827667236,-0.5646747350692749,1.3188804388046265,-0.8274038434028625
-0.7729560675541643,-1.1352423429489136,0.9213874936103821,-0.1729001101150859,1.2044529914855957,0.05016324448385864,0.843157172203064,0.27287983894348145,0.023601282387971878,0.40890300273895264
0.32502114017553785,-0.6469829082489014,0.7849936485290527,0.005183117496646416,1.5440987348556519,0.03721624906919571,0.8241934180259705,-0.052497636526823044,0.09551818668842316,0.4201739430427551
0.43779470664300457,0.18584449589252472,0.8852320909500122,0.3542251818569759,2.0337843894958496,1.5471661030778814,0.8343968987464905,0.5335882306098938,1.0031712055206299,0.5128132700920105
-0.6730825877136422,0.17122405767440796,0.3710264265537262,-0.35477615739306684,-0.3894558548927307,-0.3898907209246843,0.34461724758148193,0.25647586584091187,-0.23901142179965973,-0.3256603479385376
-0.24720368959853475,-0.5938030481338501,0.9582482576370239,-0.3961221161403487,-0.3882599174976349,-0.9085381236253139,0.9433304667472839,-0.737356424331665,-1.0768471956253052,-1.0265772342681885
1.721163480334529,0.8341717720031738,0.6393287777900696,1.0535035472918926,1.7970036268234253,1.5610243325759254,0.6494259834289551,1.0442790985107422,0.9365509748458862,-0.6610499620437622
0.10611715092097483,-0.6234201192855835,0.5126915574073792,-0.37717945224880844,-0.8455610275268555,-1.1198638643055963,0.5320450663566589,0.14900077879428864,-0.9229665994644165,-0.42106354236602783
-0.7580688289673997,-0.17031513154506683,0.5066644549369812,-1.006488029230286,-0.879703938961029,0.18073624049006956,0.5007874965667725,-1.2346163988113403,-0.5946517586708069,0.04132824018597603
0.460901531287666,0.5687808394432068,0.9610044956207275,0.5210427393005099,-1.1105643510818481,-0.061204633271671596,0.9605938196182251,0.7643306851387024,-0.6864746809005737,-0.8724876642227173
0.0045805607530727465,0.6097844839096069,-1.7812656164169312,0.13918843123281222,-1.3393118381500244,0.6806586446412943,-1.7724968194961548,-0.7015417814254761,-0.4310884475708008,-1.2472798824310303
0.22111651138542565,0.02123699150979519,-1.4936060905456543,0.20675634644735455,-0.9773971438407898,-0.16529097213839916,-1.4616248607635498,-0.4591538906097412,-0.3735625743865967,-0.8644089102745056
0.8326343760803844,1.4470667839050293,0.694573700428009,1.3293030888676816,-0.6347578167915344,0.5512603785290322,0.6240777969360352,0.5918724536895752,0.6999557018280029,0.8894011378288269
-1.468280025438307,-0.30796679854393005,-1.662534236907959,-1.862726297716066,0.4177801012992859,-0.6837512835394672,-1.6677274703979492,-1.215744972229004,-0.3240227997303009,-1.4684383869171143
-0.9979262067003443,-1.2523517608642578,-0.8276541829109192,-0.6925088132232806,0.5548584461212158,-1.0273420237383506,-0.8370102643966675,-0.9028528332710266,-1.3421491384506226,0.032651424407958984
0.3205608669878508,0.7927840352058411,-0.5256265997886658,1.3955939060873184,0.2599017918109894,1.716114741802743,-0.5353280901908875,0.5677629709243774,1.475125789642334,-0.5156278014183044
0.013066701027161863,-0.38978061079978943,0.8064058423042297,0.9348046613011958,0.6452041268348694,0.2612788860883167,0.7332490086555481,0.24252380430698395,0.06210746243596077,-0.19748347997665405
1.2415295594172517,1.3245631456375122,0.8365219831466675,1.9740066527091769,0.7965717911720276,1.2335097475543804,0.7977095246315002,1.1827296018600464,1.416337251663208,1.8522206544876099
0.023421794548151974,-0.5386704206466675,-1.1458557844161987,-0.12271108982075582,-0.419452965259552,-1.0533097428149298,-1.1382249593734741,-0.8367380499839783,-0.738271176815033,-1.0930947065353394
1.3677851327380395,1.7475287914276123,0.7493702173233032,1.4803342673175577,-0.6205852031707764,1.1600817263055037,0.7678400278091431,1.2213588953018188,0.626468300819397,-0.0640421137213707
-0.49068121650393026,0.5335023403167725,-1.1708049774169922,0.8803707508116828,-0.9634471535682678,-0.3048145154815187,-1.137901782989502,-0.18696245551109314,0.4420022964477539,0.31578218936920166
-0.99567924486056,-0.08454073965549469,0.17542023956775665,-0.2725377196059355,-0.32914626598358154,0.4877653284024811,0.14709743857383728,-0.10500159859657288,0.0008046377333812416,-0.7845508456230164
-0.13462703705569787,0.959911584854126,-0.17810431122779846,-0.02964933649348651,0.24276615679264069,0.5752548439246941,-0.19774438440799713,0.3590487241744995,0.4974346458911896,-0.7153083086013794
0.6180568878613141,0.8460719585418701,0.07066204398870468,0.05087813804656323,-0.20875343680381775,-0.18733481416852352,0.09220948070287704,0.406415194272995,0.4446823000907898,-0.0676262304186821
1.442757003938156,0.64968341588974,0.20649179816246033,0.767364125961083,-1.323279619216919,0.4614018602899082,0.1762787252664566,0.5864201784133911,1.4345215559005737,1.2549351453781128
-0.8820097349025713,-0.1996530145406723,-1.2602030038833618,0.1054446940894959,-0.9773971438407898,-0.28575628024922983,-1.2481433153152466,-1.116156816482544,-0.0662928968667984,-1.3266017436981201
0.027180331426570815,-0.4656267762184143,0.8232506513595581,0.014502914520559563,0.19173051416873932,0.48321448330557315,0.8013314008712769,0.7983405590057373,-0.37443941831588745,1.0933928489685059
-0.857265520886023,-0.38305240869522095,0.34768733382225037,-0.9223834563990161,0.1678323894739151,0.32107777425010375,0.3580276370048523,-0.20671086013317108,-0.9852595329284668,0.5288661122322083
1.2615070841410967,1.3976285457611084,0.3253430724143982,0.9499411156249651,-0.382244735956192,-0.09722349965964454,0.3231520354747772,-0.09384104609489441,0.7728559970855713,1.6621750593185425
1.116605016192605,1.4937554597854614,0.8549493551254272,2.1807217920517252,-0.49035578966140747,0.8105456996748064,0.8658354878425598,1.0035480260849,0.0383155383169651,1.6891577243804932
-1.81238788091239,-1.4848437309265137,-0.2555359899997711,-1.1116462812357133,-0.24342697858810425,-0.5022530710114005,-0.24690592288970947,-0.8955624103546143,-0.13090164959430695,-0.19202733039855957
-0.7595619775433468,0.09404406696557999,0.11630357056856155,0.2578520381400231,0.2599017918109894,-0.3846249533235994,0.12389826029539108,-0.3482048511505127,-0.5089839100837708,-0.7629943490028381
1.9147533132340946,1.7732691764831543,0.6344066858291626,1.6106264385275149,2.0470924377441406,1.6964297590454744,0.5831325650215149,1.82716965675354,1.6314342021942139,0.4540051221847534
-0.08596328317412677,-0.19623832404613495,0.2694084644317627,0.7313607216913757,0.8292069435119629,1.1680010474667644,0.2564662992954254,-0.6864873766899109,-0.21134968101978302,0.2816653549671173
-1.1278318572694037,-1.2731162309646606,-0.7437155246734619,-1.21463071482146,-1.138824462890625,-0.5337454421395502,-0.7286379337310791,-1.5062201023101807,-0.8189173936843872,0.23758754134178162
0.27608315717759857,0.45872247219085693,0.7194297313690186,0.4069188849999333,0.4199797809123993,0.8748384863760297,0.7052265405654907,0.2428593784570694,0.6650533080101013,-0.7355030179023743
1.1634950515920697,1.2610392570495605,0.7038497924804688,1.9362547391865725,-0.048097189515829086,0.9061904129416917,0.7238762974739075,1.2974674701690674,1.1446644067764282,1.890770435333252
1.2880479532741502,0.8002101182937622,0.18036416172981262,1.240731349715108,-0.40217161178588867,0.33081038293000736,0.19435171782970428,0.9006115198135376,0.6475489139556885,0.5437017679214478
0.7585466220110457,0.5998595952987671,0.4016808569431305,0.955958429967705,0.12133148312568665,0.3465811852370398,0.411581426858902,0.2675047814846039,0.5612106919288635,-0.4669918417930603
-0.978482807555017,-0.2298700362443924,-1.4712059497833252,0.4040350840924912,-0.5057607293128967,0.014122921513539988,-1.4820533990859985,-0.6395972967147827,0.05937635898590088,-1.2910213470458984
0.34139896714968077,0.7287296652793884,0.9823797345161438,0.18208392875097254,1.6043596267700195,1.447815991873206,1.0094249248504639,1.2332597970962524,1.0980154275894165,-0.7294420599937439
-0.26846882259832605,-0.5322853326797485,-0.5559558272361755,0.1569662995909697,0.5520914196968079,0.16485965949686102,-0.5357099175453186,-0.14466768503189087,0.4214332103729248,-1.1302506923675537
0.32016394190467923,0.9488281011581421,0.6403430104255676,1.1577848394522883,-0.918342649936676,0.8456994765196499,0.6482580900192261,1.9488078355789185,-0.007019068114459515,0.536837100982666
-1.2384787200378167,-0.45704272389411926,-0.5676724910736084,-0.7565939107023283,-0.6485040187835693,-0.9263372965656747,-0.5591599941253662,-0.5922325253486633,-0.31242668628692627,-1.1027915477752686
-0.01270022420158436,0.7432050108909607,1.2463536262512207,-0.3126775651824054,1.7037875652313232,-0.34202682198134393,1.2985570430755615,0.7126028537750244,-0.46345657110214233,0.10744886845350266
1.2882293445520903,1.156628131866455,0.9575936198234558,1.2466407239086228,2.0699546337127686,0.9563448517884915,0.8730154633522034,1.6428550481796265,1.0693657398223877,-0.26639559864997864
0.6188431271124717,0.9149408936500549,0.5901039838790894,1.000698728680759,0.5408963561058044,0.908716098809973,0.5765580534934998,0.47177132964134216,1.0246509313583374,-0.26655113697052
-1.800693509323679,-1.0708609819412231,-0.1300322711467743,-1.3690443359875593,-0.38573968410491943,-1.1454426859405,-0.13156720995903015,-0.520526647567749,-1.338329553604126,-0.125143364071846
-0.05776108035461021,-0.21412238478660583,0.5120922923088074,0.1302450380286612,1.3600717782974243,1.2132184133176014,0.46975603699684143,0.7328150868415833,-0.3369189500808716,0.7156037092208862
-0.7489571843145779,-0.40705543756484985,0.8150403499603271,-1.0923631009284982,2.12519907951355,0.06440655643934255,0.709125816822052,-0.04370259866118431,0.3394860327243805,0.518349826335907
-0.20162118389986441,-0.23764429986476898,0.22134248912334442,0.09607317799500302,0.5520914196968079,0.46038664809693386,0.23695801198482513,0.7968547940254211,0.05326763913035393,-0.08480532467365265
0.08460766803054615,0.2908610701560974,0.3336547911167145,0.5604463388379916,-1.4345860481262207,0.05190709659312041,0.33662161231040955,0.33414486050605774,0.24007470905780792,-0.11691171675920486
1.3927351388040747,0.8056452870368958,1.0340856313705444,1.5236471847247077,0.49925658106803894,0.9384576400380714,1.0579568147659302,0.8924881219863892,-0.22991716861724854,2.080305814743042
1.119219436202912,1.1492905616760254,1.1168307065963745,1.765038135031824,-0.7050663828849792,0.26973991858637353,1.1658239364624023,0.5375577807426453,0.04931510239839554,1.5705019235610962
0.3221835305466162,0.039681803435087204,0.9218193888664246,0.7270380385864511,1.5325888395309448,0.41455188388715425,0.9850654006004333,0.6436591148376465,0.455859512090683,-0.3572581112384796
1.1422065377665984,0.928415834903717,1.3877484798431396,1.086135646469647,0.15677395462989807,0.5863861264700085,1.5596506595611572,1.3931554555892944,-0.26431360840797424,1.5527491569519043
0.5405915530672684,0.7151922583580017,-0.7794523239135742,1.0369099714145282,-0.8116859197616577,-0.6652620113355022,-0.7669259309768677,-0.348685085773468,0.2438555210828781,0.39660561084747314
-1.4425960704127978,-1.3884912729263306,-1.715016484260559,-1.0261213604588484,-1.1165417432785034,-0.7065203930382614,-1.7314956188201904,-1.3261401653289795,0.051592059433460236,-1.3957905769348145
1.384491960973244,0.7903213500976562,0.35024330019950867,1.431313078182029,-0.434259831905365,1.0807054755480658,0.3402590751647949,1.2701467275619507,1.426497220993042,0.18170766532421112
1.1296551005351838,0.4166719317436218,0.30599647760391235,1.332704900927392,0.4388027787208557,0.3538713871537746,0.3084107041358948,0.0013501924695447087,1.8684728145599365,0.40882977843284607
0.07583905761007098,0.2932605445384979,-2.0249290466308594,-0.2392622318723265,-0.1489584594964981,0.27450953454345395,-2.0153722763061523,-1.1515716314315796,1.37675940990448,-1.1011337041854858
-0.36064527992264583,0.582474946975708,-1.3731019496917725,-0.4352244217573149,-0.5459103584289551,0.726502934997251,-1.3869951963424683,-0.7107325792312622,0.7802292704582214,-1.2789204120635986
-0.4944528616982848,-0.2707667052745819,0.13168062269687653,0.2280586664546844,0.10381695628166199,0.6417898860934593,0.09196968376636505,-0.8623844385147095,-1.4687631130218506,0.19450920820236206
-0.8835390734680594,-1.3576374053955078,-0.36605238914489746,-1.4191974134589675,0.03807707503437996,-1.2842484818812194,-0.3417122960090637,-1.0923888683319092,-1.1073592901229858,0.17931140959262848
0.24913972386995145,-0.03579133376479149,-0.6947200298309326,1.4200566146609257,0.2599017918109894,0.448587167263675,-0.6751134991645813,0.0036220343317836523,0.12050784379243851,-0.858978271484375
-0.9954522223089348,-1.3694573640823364,-1.3052064180374146,-1.4207069704709616,-1.428560495376587,-1.4313952777666432,-1.312864899635315,-0.35320594906806946,-1.4595348834991455,-0.3291773498058319
0.3444261964731966,0.22208184003829956,-1.9956865310668945,0.24864100636495073,-1.3601752519607544,0.10101830587185207,-1.9727734327316284,-0.7211602330207825,1.5678091049194336,-1.294837474822998
1.8644795921289679,2.0408174991607666,0.4734903872013092,2.1361239505093286,1.9805282354354858,1.8399137793953388,0.49005642533302307,1.197077989578247,1.7655481100082397,0.49335312843322754
-1.0893449933760986,-0.6767562627792358,-1.7191681861877441,-1.010743694400215,0.21464508771896362,-0.9562148456426728,-1.6734535694122314,-0.6040681600570679,0.21246600151062012,-0.7788768410682678
-0.8429652199014102,-0.9509223699569702,-0.19589799642562866,-0.5073734636093358,-0.2970599830150604,-0.28227117152695386,-0.1964656263589859,-0.5679209232330322,0.006833076011389494,0.2998373806476593
-0.9246586425491342,0.276894211769104,0.26713827252388,0.14828037702332775,-0.8285048007965088,0.07971113002958004,0.23787449300289154,-0.4044093191623688,-1.4966453313827515,0.8129999041557312
1.0946896945762281,0.06522662937641144,0.21842743456363678,0.07794405775652817,0.5525844693183899,-0.09091209364681889,0.18866555392742157,0.9952137470245361,0.20346808433532715,1.337328553199768
-0.40732464976936034,-0.1283845454454422,0.13086195290088654,-0.9848549644802388,0.042729031294584274,-0.8808398719854338,0.11084362864494324,-0.041068241000175476,-0.6265049576759338,0.5122839212417603
0.5818733681099646,0.5596504211425781,-0.4976825714111328,0.7060537526599484,-0.048097189515829086,0.6293754504628436,-0.4970519244670868,0.040408581495285034,1.2153550386428833,-0.24900561571121216
-1.372343956786828,-0.18237809836864471,-1.4956743717193604,-0.40281818749969717,-0.9773971438407898,-0.9478505779491082,-1.5000100135803223,-0.9207030534744263,-0.6041321754455566,-1.3198456764221191
-1.5719998726543618,-0.9597600698471069,-0.9573507905006409,-1.0769287690920983,-0.47358980774879456,-0.41826566869822296,-0.9662795066833496,-1.4002182483673096,-0.7363153696060181,-0.17772825062274933
-0.726429667760694,0.019580954685807228,-1.1402546167373657,0.17838270514228424,0.11263738572597504,-0.5404495594033136,-1.1424987316131592,-0.8002088069915771,-0.23577454686164856,0.26895639300346375
0.39375552996565566,-0.08344846218824387,-1.0732938051223755,-0.13721603503741853,-0.36347830295562744,-0.0887622263485316,-1.0508641004562378,-0.25011610984802246,0.8297297954559326,-0.9853097200393677
0.4215770849940121,0.02343142032623291,1.106969952583313,0.29094113670313904,2.3779311180114746,0.39553406042960104,1.2041144371032715,0.6498539447784424,-0.7515040040016174,0.5128561854362488
-0.8103066900799822,-1.420555591583252,-0.6851001381874084,-1.7062427147250707,-0.9455699324607849,-1.8926488647166853,-0.6496626734733582,-0.2524431347846985,-1.191619873046875,-0.590324878692627
0.10482473568080453,0.6100849509239197,-1.714609980583191,0.15623358857710365,-0.7181564569473267,0.6424855962339443,-1.6761815547943115,-0.11826404929161072,0.42936092615127563,-1.292668342590332
0.6384489342094873,0.8723263144493103,1.4247909784317017,0.24604198196201907,1.9045006036758423,0.4928579732547878,1.5060471296310425,0.32846829295158386,0.1896710842847824,0.8627099990844727
-0.38805149623240315,-0.48687922954559326,0.6642621159553528,-0.25952156726898573,1.8556498289108276,-5.5802241120261593e-05,0.594211995601654,0.1448814421892166,-0.1501368135213852,0.5151634216308594
0.3101638551572943,1.1424438953399658,0.45635613799095154,-0.20252536113626318,0.12300139665603638,0.9989986717968206,0.426402747631073,0.8653429746627808,0.686091959476471,0.6501009464263916
0.7307666102165742,0.6634217500686646,1.015634536743164,1.7275380500026944,2.05033278465271,1.3898934996138081,1.062822699546814,0.7419404983520508,1.461846113204956,-0.8297818899154663
0.41610024336609325,-0.0027005032170563936,0.7146944999694824,0.689406764242902,-1.3986002206802368,0.41312263844175595,0.6828621625900269,-0.03550932556390762,-0.33577200770378113,0.9708244800567627
-0.5741344667250519,-1.2092983722686768,0.6567450165748596,-0.6246758783121809,1.368273377418518,-0.021585550181952257,0.6357949376106262,0.1280154138803482,0.31974801421165466,0.7285782694816589
1.0479996219015388,1.221630334854126,0.5145253539085388,0.5638331760220434,-0.14399461448192596,1.2165542021282096,0.5445550680160522,1.3568549156188965,0.7672495245933533,-0.43452057242393494
0.019674640770175677,0.8722986578941345,1.4266728162765503,-0.09333382452954844,-0.9455410838127136,-0.38362091205463755,1.6252830028533936,0.22030115127563477,-0.9542239308357239,1.4206358194351196
0.18640633830444026,0.4898839592933655,-0.6582213640213013,-0.11743170753068714,-0.10461797565221786,0.475757900204609,-0.6623910069465637,0.29086464643478394,-0.11161259561777115,-1.0061750411987305
1.0403314913959079,-0.09006495773792267,0.5186777114868164,0.5377456074195494,-0.08596685528755188,0.9010446470792295,0.5230623483657837,0.20079421997070312,0.04078385978937149,-0.4597119987010956
-0.4721408524007271,-0.7163729667663574,-1.4002854824066162,0.2911301510407452,-0.5804710984230042,0.02064353994268545,-1.4174221754074097,-0.9680158495903015,-0.6004578471183777,0.13026387989521027
0.5722475485692681,0.2856709063053131,-1.3257986307144165,0.1407621258582576,-1.0427579879760742,-0.9031790005803861,-1.3071218729019165,-0.29180532693862915,-0.6042028069496155,-0.9355298280715942
1.1959617146074006,-0.0932120606303215,-0.38941362500190735,1.4940033846103362,0.3321715295314789,-0.49333865317330783,-0.41863036155700684,0.1259433925151825,0.5542060732841492,0.8501001000404358
0.23028486876853543,0.35191649198532104,-0.9762195348739624,-0.05066814353843401,-0.35535550117492676,0.9878446969716335,-0.9849941730499268,0.5254391431808472,2.0100560188293457,-0.8731871247291565
-1.2799979253436307,-1.056835651397705,-0.37314778566360474,-0.989377852462835,-0.9094212651252747,-0.7016610527335905,-0.3568825423717499,-0.8272982239723206,-0.6449440717697144,-0.8782116174697876
-1.061295350924723,-0.602695107460022,-1.8511158227920532,-0.8078113245708203,-0.054767485707998276,-1.6342791534793468,-1.8075872659683228,-1.4539889097213745,-1.5647032260894775,-0.9719549417495728
-0.5456597873654074,-0.5324253439903259,-1.4780794382095337,-1.0246537901131694,-0.870035707950592,-0.21142775672461997,-1.4990437030792236,-0.2110147923231125,0.7623199820518494,-0.1742016226053238
0.06347177779991077,0.2924592196941376,0.13315866887569427,0.6273727799716976,-0.601747453212738,-0.581021471718923,0.08891167491674423,0.6056897044181824,-0.35112613439559937,-0.055331721901893616
-0.17636620147998758,-0.8358650207519531,-0.186287984251976,-1.0903905027468905,0.3321715295314789,-0.32980134625426805,-0.21276767551898956,-0.14676383137702942,-1.112971544265747,0.24624791741371155
0.5472607713812196,0.44936537742614746,0.899934709072113,-0.12653729576012193,1.0195496082305908,0.18292215840915962,0.8293883204460144,0.3186151683330536,-0.38341304659843445,0.5889862179756165
0.8316457843254197,1.6290794610977173,0.40928956866264343,1.1982693121322165,0.10129669308662415,0.9279897433097986,0.4001061022281647,0.6907966136932373,0.3933810591697693,-0.4491368532180786
0.42710409902527613,0.9285376071929932,0.5284595489501953,0.9951568833360702,-0.3055156469345093,0.16470436475205305,0.5059812664985657,0.5114840269088745,0.9423574805259705,1.5705516338348389
0.9484251110801443,0.47953665256500244,1.0371007919311523,1.8679660218846559,-1.2567243576049805,0.6630010990464648,1.0666824579238892,1.2484439611434937,0.5963872671127319,1.7280055284500122
-0.7955701892088324,-1.529802918434143,-0.07996674627065659,-0.48965851607042643,-0.3177700340747833,-1.4760160753077844,-0.1061277985572815,-1.1241121292114258,-1.1104319095611572,0.3067457675933838
-1.1681798670486863,0.11674315482378006,0.9172438979148865,-0.9258577888986232,-1.095575213432312,-0.05228252124137807,0.8777210712432861,-0.6932510733604431,-0.6060572266578674,0.8150124549865723
-0.3921709826089932,-0.2671029567718506,1.056882381439209,-0.14789932093389851,-0.46613776683807373,-1.0591950409175583,1.0649572610855103,0.8417065143585205,-0.7136924266815186,-0.19857029616832733
-0.5115584714231111,-0.7332184314727783,-0.1624191552400589,-0.31825435428129206,-0.08945012092590332,-0.33010622105151327,-0.16594365239143372,0.02599402330815792,0.15848039090633392,-0.48660555481910706
-0.2264995979671225,0.9832313656806946,0.7594102025032043,0.4630620401140669,2.0212535858154297,2.1256491664141968,0.7019212245941162,0.23296867311000824,0.7218816876411438,-0.21818314492702484
0.1485044030396764,0.09236890077590942,-0.06496591120958328,-0.10562162596284334,-0.7837744951248169,0.44392161882324654,-0.07171521335840225,-0.11419986188411713,-0.5575087070465088,-0.0034253462217748165
-0.4217963387820952,-0.5629808306694031,-0.4692670404911041,-1.0440861490048432,-0.29855895042419434,-0.8408322482408815,-0.4684878885746002,-0.4526389539241791,-0.34076404571533203,-0.9674993753433228
-0.9458999712816399,-0.444308340549469,-0.6933653354644775,-0.20082399319632235,0.2599204480648041,-0.7263411444234598,-0.713188111782074,-0.8854781985282898,-0.34833601117134094,0.23164089024066925
-0.4270797467936715,0.4380940794944763,0.6373218894004822,-0.8034327268164269,2.5139522552490234,-0.9713131052594274,0.6180000901222229,1.4256021976470947,-0.5595211982727051,0.006270994432270527
0.6032719389158628,0.7184181809425354,0.41047608852386475,0.6948768195666397,-0.08945012092590332,0.739096487203451,0.3991503417491913,0.1686612069606781,0.5892324447631836,-0.27724507451057434
-0.8989236549189417,0.07390163093805313,0.8141117095947266,-0.4653604211969087,2.054492950439453,-0.3455948668763604,0.8492146134376526,0.1212499588727951,-1.5298995971679688,-0.7555785179138184
0.33117477446821963,0.5747902989387512,-1.1730419397354126,-0.6018070307024281,-1.1553514003753662,-0.4173159530937532,-1.142734408378601,-0.7132329344749451,1.1531612873077393,-1.068672776222229
1.349243873818133,0.7420501112937927,1.3442790508270264,1.6854478347820103,1.956744909286499,1.348716240321075,1.3541781902313232,1.1136201620101929,0.8552320599555969,1.7308067083358765
-1.5076760059152936,-0.3695959746837616,0.4670979082584381,-0.2806965594815277,-0.7475520372390747,-1.0283129613456112,0.4347988963127136,-0.5418744683265686,-0.43316298723220825,0.28516751527786255
-0.8380000456342125,0.004432891961187124,-0.6886410117149353,-0.6651223735139778,0.4388027787208557,0.06613269659778488,-0.7042103409767151,-0.21361808478832245,0.6418003439903259,-0.8187912106513977
0.606031628502927,0.2806580066680908,0.8123142123222351,0.8912474520589497,1.3014984130859375,0.9041204804322361,0.7459015250205994,0.5954139232635498,-0.0005042935372330248,0.09653060138225555
-0.32954015409373394,-0.6166440844535828,0.9679855108261108,-0.2206884605361282,1.892695665359497,0.5196438516608606,0.979789674282074,-0.5267686247825623,-0.4955761134624481,0.23174919188022614
-1.5242539943599307,-1.0234531164169312,-2.414860248565674,-0.6800407261753904,-1.21592116355896,-1.1393464117761474,-2.3656835556030273,-1.436421275138855,-1.082701325416565,-1.6076936721801758
1.4485574340118172,0.18779180943965912,1.1122915744781494,0.438386743596536,-0.7050663828849792,1.3212963305027543,1.084749460220337,0.37920519709587097,-0.3735438883304596,1.2816762924194336
-0.40668795939526226,-0.5125341415405273,-0.9874055981636047,-0.7790389876069734,-1.0109310150146484,0.5581092399134868,-0.9823238849639893,-0.3014867305755615,-0.5728207230567932,-1.1394801139831543
-0.6941028678558696,-0.11668547242879868,0.0888068825006485,-0.34181030776947546,0.04906167462468147,0.810290803666017,0.05040416866540909,-0.2880307734012604,-0.5158757567405701,-0.06335481256246567
-1.2004706512922962,-1.4340728521347046,-1.679213047027588,-1.8706303176082988,0.24280430376529694,-1.8722788819263823,-1.6998498439788818,-1.5717064142227173,-1.5389845371246338,-1.2657915353775024
0.4084570718200168,0.6076545715332031,0.629605770111084,0.8157866085995622,0.16766001284122467,-0.07651322591372287,0.6374797821044922,0.5543677806854248,0.00015278963837772608,-0.11360447853803635
0.8738184283181745,0.7143263816833496,0.19048276543617249,0.4157300079185328,1.0102607011795044,0.38750021587656347,0.24379082024097443,1.2086433172225952,0.08743827044963837,-0.7158226370811462
0.18801941207963552,0.5408065319061279,-1.6049445867538452,-0.29111487840543576,-0.6123795509338379,0.2105569338060892,-1.5763810873031616,-0.66291743516922,1.9422413110733032,-1.1124688386917114
-0.019592787747904846,0.25625595450401306,1.0317926406860352,0.7272445193225044,-1.2567243576049805,1.481336302421469,0.9942400455474854,0.6288192272186279,0.08132842928171158,1.3559921979904175
0.9531711949713961,0.7522803544998169,-0.284231573343277,0.22253089110523205,-1.4345860481262207,0.2180919413580294,-0.2823510468006134,0.6104251742362976,1.278260588645935,-0.887084424495697
0.3304652760300193,0.5634875297546387,0.9448938369750977,0.6596826603861228,0.5010003447532654,0.31587618254936867,0.9232659339904785,-0.3100522458553314,0.8148947358131409,0.8967167735099792
0.29483332863689504,1.1194841861724854,0.04685318470001221,1.093103148962022,0.5529195070266724,1.5091967021285844,0.027947457507252693,0.26016926765441895,-0.16707651317119598,1.5540093183517456
0.5561404078223166,1.0555531978607178,0.9135146737098694,1.476429265847047,1.1295124292373657,0.22511061612666214,0.9529789686203003,0.9176507592201233,-0.05726964399218559,-0.6924389004707336
1.1324357471200803,-0.6322051286697388,0.5485573410987854,0.4550473434651651,-0.5916189551353455,0.5509468406038851,0.5670549869537354,0.3189108669757843,-0.5356649160385132,0.9254775047302246
0.35006051928612447,0.17172767221927643,-1.933387041091919,0.023374718201519703,-1.4345860481262207,0.5648887167885392,-1.910951018333435,-0.6974226832389832,1.3016022443771362,0.32492899894714355
0.030815520795702822,0.4070792496204376,0.3337495028972626,0.4592358237043983,-0.5195491313934326,0.21413995492358842,0.2931065559387207,0.3727765381336212,0.5606257915496826,-0.24375057220458984
-0.1706682193475925,-0.21126490831375122,0.5810686945915222,-1.2422315183187664,0.4040054678916931,-0.35343110756872653,0.5373000502586365,-0.2609075903892517,0.032483506947755814,0.14721691608428955
0.3563918458662916,0.21447698771953583,0.08955265581607819,0.06345384881974253,-0.20578716695308685,0.22155025065795597,0.0710160955786705,0.09194279462099075,-0.16059981286525726,-0.3852882385253906
1.6041233398849317,0.8687297105789185,0.7167949080467224,1.3499548253537108,1.4431345462799072,1.3774901723788355,0.7258844971656799,0.5443480610847473,0.45572593808174133,1.447536587715149
0.6697606567318733,0.47024863958358765,0.6609871983528137,1.0681404181775564,-0.20875343680381775,0.5849838247429351,0.6538070440292358,1.0382096767425537,-0.17679674923419952,1.1899182796478271
-1.1400022312250786,-1.09139084815979,0.7401600480079651,-0.8109743046730997,-0.5503970980644226,-0.3599071633738124,0.7125793099403381,-0.3036006689071655,-0.6757961511611938,0.5736518502235413
0.13922493355199203,0.027332620695233345,0.3027338683605194,-0.028850298086281364,-0.4395003318786621,0.17996898574325643,0.2491849660873413,0.07528989762067795,-0.25485292077064514,-1.0411508083343506
-0.5545005081269168,0.7803953886032104,1.327699899673462,-0.08572087618348623,2.070194959640503,0.6520009371884997,1.375917673110962,0.45118460059165955,0.75528484582901,0.23990756273269653
1.1947927894403532,0.7743894457817078,0.3969716429710388,0.7513408207580541,-0.16421975195407867,0.3182416620932333,0.3700239658355713,-0.1536455899477005,1.1052614450454712,1.2738202810287476
-0.6164263032332548,-0.20169998705387115,0.13340836763381958,-0.6075457869493938,-0.627058744430542,-0.20095478439175002,0.11850010603666306,-0.24348868429660797,0.05262966826558113,-0.020555716007947922
-0.8584928870233576,-1.406013011932373,-1.3589980602264404,-0.547389505290579,-0.317788690328598,0.0076954948366104725,-1.345171570777893,-1.2697856426239014,-0.859091579914093,-0.891048789024353
0.6617241053734995,0.474260538816452,-0.33497458696365356,0.8737901725550012,-0.564853310585022,0.7148052856833657,-0.33861780166625977,0.2777706980705261,1.4219436645507812,0.09739625453948975
0.4133295626611009,1.1451629400253296,0.5829124450683594,0.9917657543411393,0.05037199333310127,0.9453884892897945,0.5619925856590271,1.3699780702590942,1.35077702999115,1.2759720087051392
-0.17770436691728167,-1.2443697452545166,0.11732909828424454,-0.3617795122633207,0.4534853398799896,-0.7388236170830749,0.07069024443626404,-0.0783662497997284,-0.38557830452919006,0.17100174725055695
-1.6926339934292334,-1.1362541913986206,0.08445709198713303,-0.8100919497288973,-0.054767485707998276,-1.4076089080925762,0.06684500724077225,-0.6552671790122986,-0.44591206312179565,-0.6746907830238342
-0.7257742071572744,-1.2028471231460571,0.39626646041870117,-0.6758130933151228,0.5556960701942444,-0.8413783848468612,0.42811423540115356,-1.0992628335952759,-0.445451021194458,-0.7067872881889343
0.7304420429483129,0.5883452892303467,-0.9270085692405701,1.6295875967063596,-0.08945012092590332,1.049415915073766,-0.90300452709198,0.04468975588679314,1.2636685371398926,1.2280354499816895
0.014612877764494953,0.23692959547042847,0.8473116159439087,0.6307870535971379,-0.3487377166748047,0.9112777970843836,0.764850378036499,0.3253732919692993,0.16453616321086884,1.6558104753494263
-0.6359289499444923,-1.5845211744308472,-0.46319329738616943,-1.1091505339891738,-0.6311057209968567,-1.544940189912481,-0.4806414544582367,-1.2876596450805664,-1.0003836154937744,-1.2230143547058105
1.3684249762044045,0.45087286829948425,0.932036280632019,0.7071478404683212,1.9861336946487427,-0.01377403247137454,0.9918751120567322,0.9233412146568298,-0.6402457356452942,0.9428132772445679
-0.23177601810035756,0.0731881633400917,-0.07874231785535812,-0.4283838825763519,-0.7704235911369324,-0.5908296607530787,-0.06914006173610687,-0.2852197289466858,-0.2556855082511902,-0.5816759467124939
0.6420659574674293,0.6395048499107361,0.002252461388707161,0.6060620974656973,-0.528895378112793,1.9211211014975234,-0.012417218647897243,-0.2818346917629242,1.1655158996582031,-1.1219815015792847
0.20532709129818646,0.630943238735199,-0.8238335251808167,1.5395747531261454,-0.7775902152061462,-0.0580759004174273,-0.8209123611450195,-0.14614708721637726,1.6552760601043701,-0.8341145515441895
-1.7440043750446816,-1.6360784769058228,-1.8626700639724731,-1.8062628188909433,-0.20875343680381775,-1.7527427224264833,-1.832648754119873,-1.4410851001739502,-1.6867989301681519,-0.8927741646766663
-1.1267710598677176,-1.1949840784072876,-1.1993408203125,-1.3046239412303549,-0.8891648650169373,-1.2447788042818717,-1.166999340057373,-0.5582013130187988,-1.3944967985153198,-0.5559813380241394
-0.30686585593885607,-0.45679670572280884,-1.035249948501587,-0.10371797131026478,-0.8545598983764648,0.08313219032074237,-1.0263327360153198,-0.8919129371643066,-1.1213594675064087,0.3330540955066681
1.4549454627182408,0.7799841165542603,0.594760537147522,0.952811407767994,-1.4345860481262207,0.9625714847384156,0.6035090088844299,0.7140668630599976,0.027889009565114975,1.6973592042922974
1.4547355978770256,1.1637158393859863,0.6006155610084534,-0.08711585429896945,2.0300538539886475,1.3021490342034459,0.5608525276184082,0.8993606567382812,0.7463313937187195,-0.7588995695114136
0.5670818466159359,0.836998462677002,1.032512903213501,0.9319844479832864,-0.3119359016418457,0.5887950357198626,1.0050578117370605,1.1432626247406006,1.3221375942230225,1.1843245029449463
0.9146965323645017,0.6738992929458618,-1.1487122774124146,1.167554297949685,-0.5459103584289551,0.24070120929048866,-1.0963634252548218,0.37296754121780396,0.8128504753112793,-0.6134657859802246
-0.3700404079367736,-0.7231255173683167,0.13482864201068878,-0.4830435133892073,-0.5458917021751404,-0.05833462092227057,0.1259358823299408,-0.6236112117767334,0.2804502546787262,0.34171074628829956
-0.20111255740090145,-0.25791969895362854,1.045387864112854,-0.26202713653195153,1.868666648864746,-0.5666157969556301,1.0765360593795776,0.3732715845108032,-0.4490421414375305,-0.059467148035764694
-0.568432549015632,-0.44816818833351135,-0.5948113799095154,-0.18333896460616184,-0.2013692408800125,0.6549666433116159,-0.616724967956543,-0.22705967724323273,-0.10664372891187668,-1.1118381023406982
1.207750350121272,1.3297396898269653,0.5684570074081421,0.6701364241065947,-0.3882599174976349,1.0234568850510268,0.5621416568756104,1.4169042110443115,1.1161353588104248,-0.7263137698173523
0.6294368400646924,0.6988800168037415,0.3497858941555023,-0.20930379115347575,-0.9386402368545532,1.17558002778736,0.3546920120716095,0.9173778295516968,1.001862645149231,-0.2604900002479553
1.396360166582918,0.47668564319610596,0.5378692150115967,1.465443269809111,-0.7662272453308105,1.040195280688154,0.5246420502662659,0.7149065732955933,0.7197418808937073,1.5187197923660278
0.9282612933074627,0.6682868003845215,-0.15322069823741913,1.4112980802894384,-0.46613776683807373,1.131041193932779,-0.13289782404899597,0.6627004146575928,0.8759496212005615,-0.9604049921035767
-1.488998459340356,-1.0281410217285156,0.5534478425979614,-0.8661921631735062,-0.9386215806007385,0.7751596117195819,0.5267921686172485,-0.4603041410446167,-0.22366608679294586,0.30696535110473633
0.22767057475281502,1.2744799852371216,1.0057003498077393,0.8315939091543394,0.7050009965896606,1.376295180520648,1.0249358415603638,0.5400267839431763,0.8783432245254517,0.31294721364974976
-0.28148129708586944,-0.721882700920105,-0.31165337562561035,-0.8514005586109318,-0.5095123052597046,0.22824718283565998,-0.34856751561164856,-0.43025264143943787,-0.04476400464773178,0.2818232774734497
-0.7096615517447982,-0.8217090964317322,-0.945374071598053,-0.9369754848816173,-1.1165417432785034,-1.6830257175748555,-0.9499178528785706,-0.44912654161453247,-1.7153635025024414,-0.9637831449508667
-0.32435836496297377,0.0008773279841989279,-2.3893110752105713,-1.0249811150636552,-0.32477766275405884,-0.8207035479766027,-2.3453590869903564,-1.2932062149047852,-0.22164615988731384,-1.0898622274398804
-0.7755110814946752,-0.6532413363456726,-0.3521035313606262,-0.5321251061212182,0.20808693766593933,-0.12397118478439723,-0.3297885060310364,-0.25408175587654114,-0.11806507408618927,-1.552597165107727
-1.8096696867063098,-1.180863380432129,-1.9266170263290405,-1.9028140219641922,-0.06268934905529022,-1.7115068147469865,-1.9324816465377808,-1.2746285200119019,-0.7108615040779114,-0.26993101835250854
-0.7628643443862507,-1.0109492540359497,0.27484947443008423,0.0286186952654605,1.8285539150238037,-1.0333469666838762,0.23218934237957,0.02468918450176716,-2.0396831035614014,0.25679507851600647
1.005431297285377,1.1454843282699585,0.8716036677360535,0.7901974149801453,1.2191832065582275,0.12341159178332858,0.8294629454612732,1.9196619987487793,0.0590415820479393,0.15924571454524994
1.3778714804927923,1.087678074836731,0.8116579055786133,1.4037251744406307,1.4301953315734863,1.5429272888519996,0.8102066516876221,0.6776267886161804,0.9364928603172302,2.0384092330932617
0.7719724110940259,0.4579818546772003,0.3768622875213623,0.5002937028524905,-0.317788690328598,-0.140397072461654,0.39690038561820984,0.6974145174026489,-0.5296135544776917,0.037378888577222824
-0.25173197768552746,0.36078205704689026,0.5346506834030151,0.1218611230869081,-1.4304306507110596,0.1716611179484946,0.489311546087265,0.29228267073631287,-1.1498942375183105,-1.0924080610275269
-0.4514481384700113,-0.15912990272045135,0.0815555527806282,0.19823849193929288,-1.095575213432312,-0.4656056418661594,0.05180001258850098,-0.21363727748394012,0.03017529658973217,-1.0477615594863892
0.7349504850914895,-0.13466688990592957,-0.18900126218795776,0.6878177040318266,-0.5804710984230042,0.19526823274190275,-0.19222496449947357,0.03914465010166168,-0.0383138470351696,-0.9607212543487549
0.1286586615528942,-0.80326247215271,0.4691687226295471,-0.15815639425472752,1.7829203605651855,-0.3207996275993929,0.4459255635738373,0.8891856074333191,0.017199959605932236,0.5261106491088867
-0.14584447794325017,0.5211288928985596,-1.0676074028015137,-0.22905999005781508,-0.5916189551353455,0.18795544407896234,-1.053315281867981,-0.17711232602596283,0.055807825177907944,-0.31148096919059753
0.5627316991745056,-0.2583834230899811,-0.026004454120993614,0.3092588173199221,-0.06280487775802612,-0.17712753467236797,-0.03227442130446434,-0.366376131772995,0.008895393460988998,0.8696982860565186
-1.6238459562861505,-0.7786257266998291,-0.42641377449035645,-0.5354927117910135,-0.6346423029899597,-0.6194248347901818,-0.42559024691581726,-0.950735867023468,-0.9525530934333801,0.03935500234365463
1.4668069673139308,1.1544954776763916,0.47839850187301636,1.2525497578059888,-0.9094212651252747,0.610350989032196,0.483441561460495,0.7097881436347961,1.1433244943618774,0.08956402540206909
-1.3767840907713245,-1.3575438261032104,-0.6106365919113159,-1.5219886918106125,-0.317788690328598,-0.5533823092675907,-0.5883951187133789,-0.9541078805923462,-2.042792797088623,-1.0743024349212646
-0.31699021092860613,-0.3976702392101288,0.988512396812439,0.159265499466152,-0.45443207025527954,-0.793098992946918,0.9150316119194031,-0.5911687612533569,-0.43545106053352356,0.6831215023994446
1.7574330886541834,1.7797738313674927,1.2868984937667847,1.6410821700038445,-0.3290792405605316,1.0069325984543365,1.4011281728744507,0.7153615355491638,1.0289032459259033,0.5232877731323242
-0.9576319101686963,-0.5823137164115906,0.21257838606834412,-0.24057165548081222,1.3626344203948975,0.257080210169864,0.25537240505218506,-0.6084708571434021,-0.6237884759902954,0.35756462812423706
1.237792133878719,0.8705412745475769,0.1093042865395546,-0.0653791925483786,2.0750842094421387,0.4760816235142817,0.06878115981817245,0.7624042630195618,0.18209503591060638,-0.6218032240867615
0.7375877072604043,0.5609013438224792,-0.04208606481552124,0.4279055588915372,-0.5195491313934326,0.2676133689723208,-0.036882441490888596,0.17463843524456024,0.36346691846847534,1.5670591592788696
0.3318940994438333,0.4143754243850708,0.05951426550745964,0.03262580053619327,-0.6716314554214478,-0.6067316956234228,0.06899630278348923,0.8112244606018066,0.12225567549467087,-0.3783677816390991
1.288925054370571,1.053671956062317,1.0113431215286255,0.4582769106065312,2.049248218536377,-0.055122204504934214,1.0302654504776,1.1835899353027344,-0.5282469391822815,0.04704470932483673
-0.9655141698842283,-0.7169589996337891,-1.2137500047683716,-0.6705586735166017,0.21464508771896362,-0.7674225785105174,-1.2066401243209839,-0.7128978371620178,-0.09157342463731766,-0.029675059020519257
-0.8479537962980773,-0.9160016775131226,0.05613859370350838,-0.4331850368357167,1.3151580095291138,0.29204146365110206,0.023712635040283203,-0.21704980731010437,-0.9146390557289124,0.47716474533081055
-0.5095703654693081,0.3064650595188141,0.9802560210227966,0.27071815178327185,0.782845139503479,-0.025263087521736352,0.9906048774719238,1.4416534900665283,-1.2001914978027344,1.1462056636810303
0.1334305835344808,0.3068791925907135,0.3350818157196045,0.3944346704284437,-1.0271657705307007,-0.8083884732749365,0.31520894169807434,0.21645024418830872,-0.19294561445713043,1.279308557510376
-0.24907957811773393,-0.6163784265518188,0.0686691626906395,0.21840481918779409,-0.09623405337333679,0.003683304014596306,0.021404758095741272,-0.8782304525375366,-0.37798744440078735,-0.362690269947052
0.3548243246605148,0.79117751121521,1.1664822101593018,0.030318156185964906,1.8681279420852661,0.009377924736437497,1.232096552848816,0.2520913779735565,0.9849428534507751,1.0141618251800537
-0.22664886189531339,-0.18683399260044098,0.23744747042655945,0.07219867679377363,-0.8371164202690125,-0.9340994696425615,0.21971990168094635,0.21164485812187195,-0.8700258731842041,-0.8260914087295532
0.6626330758518304,-0.3199445903301239,-1.7359421253204346,0.24851489434836063,-0.37313735485076904,0.26484782916096533,-1.6968519687652588,-0.9685017466545105,2.0836894512176514,-0.8639984130859375
0.5332381803574722,0.7562071084976196,-1.9239286184310913,-0.27045398706992724,-0.564853310585022,0.07150282468917626,-1.9097278118133545,-0.5192194581031799,1.7585631608963013,-1.0839340686798096
1.1926263261749606,0.8881927132606506,1.192150354385376,1.4048389245287196,0.5521100759506226,0.5219678267639455,1.2467111349105835,0.8331344723701477,1.225609302520752,2.132490396499634
-0.9735323459317042,-0.6394038200378418,-0.1325647234916687,-0.47033760547010556,-0.08945012092590332,-0.3575420004239631,-0.11228711903095245,-1.1368205547332764,-0.7013909220695496,-0.12613525986671448
0.34469353378590306,0.015265689231455326,0.9568637013435364,0.23388601125426606,1.3159793615341187,1.6136056772869416,1.0227320194244385,0.16880156099796295,-0.5413835048675537,-0.023466305807232857
1.018942951964842,0.5689609050750732,0.018987245857715607,1.0851165192486545,0.16764983534812927,-0.27463094320743137,0.004782023839652538,0.361209899187088,0.7950541377067566,0.6324958205223083
-0.9711594153457256,-0.5819252133369446,0.08554054796695709,0.20002201557131244,0.05502227693796158,0.5039372379069381,0.0505349226295948,-0.37646570801734924,-1.4958854913711548,0.5002093315124512
-0.280203261221743,0.5866393446922302,0.9252879023551941,-0.6838048926297048,2.323580741882324,0.5137916260184282,0.9533433318138123,0.04793727025389671,-1.7114063501358032,0.3704967200756073
0.8531583278141199,1.242612600326538,-0.19661130011081696,0.6212071737148842,0.05501210317015648,0.6430754809321926,-0.136943981051445,0.5482704639434814,1.3213740587234497,-0.986821174621582
-0.9313455493883696,-0.7219414710998535,0.3485681414604187,-0.2107925571950946,0.05501210317015648,0.5788481911048986,0.3288643956184387,-0.07969983667135239,-0.24650262296199799,-0.3977627158164978
-0.9404243147370966,-0.7999643087387085,-1.3442775011062622,-1.732494196943751,-1.138824462890625,-0.25367657431367846,-1.3517571687698364,-1.8446623086929321,-0.7700682282447815,-0.7760594487190247
-0.29909741665720213,-0.38404420018196106,-1.047351598739624,-0.08703087360183961,-0.43776124715805054,0.286663322296015,-1.034258484840393,-0.8176250457763672,0.23864878714084625,0.08162293583154678
0.024648706979445247,-0.124639593064785,0.12507110834121704,0.07621190459015628,-0.9094212651252747,-0.6801700017973722,0.11005464941263199,-0.2087334841489792,-0.08542908728122711,-0.48172104358673096
-1.2891315094736693,-0.7248399257659912,-1.7678340673446655,-1.1810887543293942,-0.2522190809249878,-1.060710216976741,-1.7518541812896729,-1.1407442092895508,-0.5370005965232849,-1.4011502265930176
1.0274116305575114,1.4051374197006226,1.0176208019256592,0.9448108139774795,1.804272174835205,0.2516952999407506,1.09116792678833,0.8443790674209595,0.38274022936820984,0.9961816668510437
0.6595599245345887,0.834997296333313,0.3041239082813263,1.0346331167017793,-0.3932581841945648,0.4773455335602294,0.3047296106815338,0.8331528902053833,0.5758083462715149,1.4905892610549927
-0.39745093635068807,-0.22820055484771729,0.14205041527748108,0.08335049332315327,-0.6591933965682983,0.23746943590194516,0.12412580102682114,0.3803386092185974,-0.29231294989585876,-0.5168235301971436
0.3060765540613759,1.0445375442504883,0.7740086913108826,0.29670857156258773,-0.21785207092761993,0.23178683390093818,0.7996574640274048,0.05530500039458275,0.14975766837596893,-1.0211570262908936
0.14990609277453418,0.16246305406093597,0.7830377817153931,-0.6023071369151242,0.09019575268030167,-0.8047499317049734,0.8263247609138489,0.478414922952652,-1.0859602689743042,0.6399731040000916
0.5856775790796224,-0.0952850878238678,1.2413840293884277,-1.008822010008725,0.3943600058555603,0.6992374777533523,1.336755394935608,0.8251472115516663,0.1776701807975769,-0.14613501727581024
1.1411803251267276,0.7689204812049866,0.8069480657577515,1.0720951033332267,1.5562621355056763,-0.1808298774574411,0.7818052768707275,1.248795747756958,0.20421230792999268,0.4851294457912445
0.836274378573303,0.54826819896698,0.9049443602561951,0.9323640727741856,0.8005565404891968,-0.688903231512445,0.8866885900497437,1.4528782367706299,-0.25369223952293396,1.0199838876724243
0.0053997234948487,0.5715815424919128,-0.11513067036867142,0.284108953433609,-1.0271657705307007,0.1929240060113009,-0.12434745579957962,0.5078082084655762,-0.31510379910469055,1.3134095668792725
-1.515687448693993,-1.0795429944992065,-0.13369862735271454,-1.2263036823361924,-0.48654425144195557,-1.0951151483671502,-0.1293393075466156,-0.999007523059845,-1.2007877826690674,-0.6585695147514343
0.44690814107751997,0.39826303720474243,-1.392514705657959,-0.15656443475915333,-0.7704235911369324,-0.21299230938218364,-1.3383804559707642,0.09073329716920853,-0.668555498123169,-0.6676890254020691
1.2096734453499252,1.2689015865325928,0.7565329074859619,1.3404575085046013,-1.4345860481262207,0.8952070204903195,0.7663663029670715,0.9412309527397156,0.8221776485443115,0.5179900527000427
1.206690020285926,0.4854606091976166,0.2205459624528885,0.6553921073025345,0.25770214200019836,1.8954829636385102,0.2271771878004074,1.1016321182250977,-0.06830456852912903,-0.47826918959617615
-1.8933416526938005,-0.5652698278427124,-1.0435404777526855,-2.1875692961279527,-0.15604759752750397,-1.2320859578592398,-1.0339566469192505,-1.352773904800415,-0.29768916964530945,-1.1168831586837769
1.3005396699021896,0.9383835196495056,1.1085467338562012,0.9056010290519443,-0.5804710984230042,0.029746503317273566,1.1872442960739136,0.4969659745693207,0.5800557732582092,1.6918034553527832
-0.2848550404164485,-0.23817619681358337,0.31630346179008484,0.04660949132576388,1.2804508209228516,-0.43545239787557666,0.2903444766998291,-0.6494358777999878,-1.0422536134719849,0.49100154638290405
-0.2100943450330026,0.42628949880599976,0.6750675439834595,0.05895662166949179,0.4199797809123993,-0.03090608536591788,0.660196840763092,0.2562903165817261,-0.2555589973926544,0.5046939253807068
-0.503337407414698,0.2506866157054901,-0.2548038959503174,0.18607923413677832,-0.20578716695308685,-0.23942773828438757,-0.23845387995243073,-0.23729799687862396,1.1579341888427734,0.0663294717669487
-0.25962864901317345,0.3598545491695404,0.9581180214881897,0.3468058453713411,1.3698546886444092,-0.26369546506723096,0.9497607946395874,0.3693065941333771,-0.07879002392292023,1.1184439659118652
0.9583165714373164,0.17976631224155426,0.4429667294025421,0.4205976057490038,-1.21592116355896,0.1488901637795789,0.4342914819717407,0.7922545075416565,0.3876528739929199,1.4957973957061768
-0.8846531762130085,-0.4899505078792572,-1.5592011213302612,0.05730411137713233,0.2599017918109894,-0.5735382804150826,-1.528694987297058,-0.075020931661129,0.07106125354766846,-0.726578950881958
-0.7795136234574092,-1.2811951637268066,0.3036971092224121,-1.2731795816864544,0.3449369966983795,-0.5538776964854151,0.27645039558410645,-0.2235243171453476,0.030642375349998474,0.6249163746833801
-0.22892096940372675,-0.17073386907577515,-0.7295076847076416,-0.5251324564557112,-0.3590691387653351,-0.41007919004399285,-0.7486065626144409,-0.5788964629173279,-0.19876383244991302,-1.558638334274292
0.713063473298872,0.7188195586204529,0.22400116920471191,0.5571324707183437,-0.14026902616024017,0.060453551609975766,0.2070901095867157,0.9622620940208435,0.30769631266593933,1.5502711534500122
0.35642655250234767,0.22166122496128082,0.7131799459457397,0.31238234540744214,1.501322627067566,0.044081296599464886,0.8074847459793091,0.8691972494125366,0.14312265813350677,1.1108938455581665
0.07371878638046983,-0.5025576949119568,1.082539677619934,-0.18692492587585124,-0.666090726852417,0.013282599309363364,1.1079062223434448,1.2614530324935913,-0.3156895935535431,-0.053620997816324234
-1.7009186427354672,-1.275490164756775,-1.0825988054275513,-0.6632977066596344,-0.6591448783874512,-0.9472847599448753,-1.081498384475708,-1.0539026260375977,-2.1616437435150146,-0.225807785987854
-0.012297424665145867,0.07813332229852676,-0.3525731861591339,0.49143123025948215,0.15677395462989807,0.12720765062207692,-0.3562370538711548,-0.017712954431772232,-0.22878910601139069,-1.0248810052871704
-0.10719295491766345,-0.4397430419921875,-1.3093520402908325,-0.2842042396798679,-1.2672094106674194,-0.3475519938438329,-1.26760733127594,-0.37585991621017456,-0.29734280705451965,-1.0934778451919556
0.6950279825409789,0.30794158577919006,-0.33435261249542236,0.46348715630078713,-1.0580254793167114,-0.626263410070339,-0.32579469680786133,0.12212665379047394,0.4901368021965027,-0.16267694532871246
0.8222609245925865,0.7695295810699463,0.23728948831558228,0.5415334473555301,-0.7551229596138,0.3288015912760579,0.21907059848308563,-0.27796050906181335,0.2091962993144989,1.5826077461242676
0.2805273901395411,0.5201053023338318,-1.7467684745788574,0.8594992663545242,-0.2013692408800125,0.18404285324154465,-1.7162429094314575,-1.0251625776290894,0.14530031383037567,-0.9520583152770996
-0.36368337665522754,0.3063030540943146,0.5730164647102356,-0.15438206123577197,-0.4259665608406067,-0.5068906488683529,0.5508966445922852,0.6708337664604187,-0.33735373616218567,-0.4090960919857025
-0.7611392696690632,0.13043636083602905,-0.03085136227309704,-0.25144494334799394,-1.4345860481262207,-0.27742522154452226,-0.02273995243012905,-0.6184317469596863,-1.160166621208191,-0.7997002005577087
-0.20831423535193214,-0.13299894332885742,-2.143517017364502,-1.2798003355443117,-0.3882599174976349,-0.6811280102882259,-2.0922884941101074,-1.169909119606018,0.6156420707702637,-1.024235486984253
-1.3977770782775552,-0.602024495601654,0.588110625743866,-1.4352381178966898,0.3742237389087677,0.45164283732208155,0.5662951469421387,-0.8498440384864807,-0.5394738912582397,-0.4924679696559906
0.3839888885942286,-0.23037585616111755,-0.07174930721521378,-0.016992135343059888,-0.6485040187835693,-0.5217628853694887,-0.08395110815763474,-0.005887143313884735,0.24008654057979584,1.3027706146240234
-1.3205125847996153,0.091629259288311,-0.3820514678955078,-0.628660032567902,-1.4345860481262207,0.6504282382109511,-0.3974091410636902,-0.8281840682029724,-0.0791870653629303,-1.2975763082504272
-1.6067302171421216,-0.8778017163276672,-1.2899616956710815,-1.805167090150883,-0.7915055155754089,-1.0761786250002017,-1.2981711626052856,-1.6005926132202148,-1.113275408744812,-0.15278401970863342
0.9302232277767327,1.1043540239334106,1.0960975885391235,1.1186605809849144,1.538304328918457,1.3952080503504,1.1560980081558228,0.8909352421760559,0.9001067876815796,0.6552507281303406
-0.5265467821336193,-0.9867039918899536,0.4780782461166382,0.34301965528435124,1.849131464958191,-2.211177445941064,0.5030581951141357,0.29155436158180237,-1.5499846935272217,0.2896983325481415
1.04655633079688,1.0445681810379028,0.07712466269731522,0.3848201060089465,-0.7050663828849792,0.23151369881107267,0.07916875928640366,-0.011417836882174015,1.796072006225586,0.2809801697731018
0.8120254864098809,0.03929520025849342,0.304829865694046,0.7059884666980678,-1.0527681112289429,0.6617687318629251,0.3026778995990753,0.5794522762298584,-0.23644691705703735,0.16242675483226776
-0.7316305258213566,-0.5296401381492615,-0.8455985188484192,-0.9147620400664649,-0.7096983194351196,-0.1526546820630448,-0.8519567251205444,-0.30742713809013367,-0.8961867690086365,-1.350313663482666
0.7927034109107718,1.1896589994430542,0.7177156805992126,1.3673560736019585,-1.21592116355896,1.2650707827607974,0.7339261770248413,0.4607941210269928,0.8613648414611816,-0.05989573150873184
1.065046015205209,0.4351854622364044,0.6650673747062683,0.20659530846791901,-0.7281633019447327,0.3281058024359816,0.6328442692756653,0.851426362991333,0.22117747366428375,-0.11381825059652328
-0.8294601461053114,-1.149905800819397,-0.581728994846344,-1.2620922296031467,0.16764983534812927,0.07038883846268786,-0.5896108746528625,-1.0940742492675781,-1.0385878086090088,-0.9582033157348633
-0.9373051151771224,-0.8152903318405151,-0.2544516623020172,-0.4877638524240296,-0.7704235911369324,-0.6381469186096121,-0.23438316583633423,-0.46267470717430115,-1.561535120010376,-1.2358062267303467
0.2763191345928724,-0.07679007202386856,0.6861253380775452,0.5117255873140883,0.09629030525684357,0.38134460714488866,0.6872612833976746,-0.4549071788787842,0.10810017585754395,0.07501907646656036
1.5239224271224487,0.835368275642395,0.11799472570419312,0.7675697068030282,-1.4345860481262207,0.27999349350245667,0.1088898554444313,0.6049935221672058,0.4837864339351654,1.4192439317703247
-0.24448698785459164,-0.09755761176347733,0.17170125246047974,-1.0809400252638495,1.5272188186645508,0.34572354471952876,0.15103307366371155,-0.6730614304542542,-0.1688518226146698,0.3803783655166626
-0.024315956245554406,-0.15805505216121674,0.42857038974761963,-0.4487379189997208,-1.2672094106674194,-0.4952378592273895,0.44594329595565796,0.24410414695739746,-0.2170908898115158,-0.549981415271759
0.9102298079265789,0.556857168674469,0.018123721703886986,0.4459429793388643,-0.4450981020927429,0.6897001379544005,-0.023127347230911255,0.03059111163020134,0.6006084680557251,0.35958558320999146
-0.0221447090120537,-0.4823295474052429,0.6703417897224426,-0.8967089294794064,1.592262625694275,0.062210102331188115,0.653587281703949,0.4772821366786957,-0.4234442114830017,1.0255366563796997
0.3881564489385587,-0.9859578013420105,1.1304230690002441,-0.1642319970061156,-0.2763497531414032,-0.8008299527810226,1.138697862625122,-0.2116285115480423,-1.33236825466156,-0.0993277058005333
-1.8045641013601785,-0.7879825830459595,-0.9749061465263367,-1.7811886375677661,-0.6205852031707764,-1.9531704037335595,-0.956333577632904,-1.5128227472305298,-0.7836222052574158,-1.2280035018920898
1.6542526849220582,1.5314691066741943,0.1818912923336029,1.6276401330624404,0.0034997782204300165,0.42169773935503274,0.16875074803829193,0.9755775928497314,0.20079295337200165,0.2027006894350052
-0.14930531855053855,0.5299144387245178,1.1882094144821167,-0.8538003209032953,-0.8981091380119324,-0.2707451451350994,1.3712029457092285,0.5701602101325989,0.0716363862156868,1.130560278892517
-1.3118457972235156,-1.264620304107666,-1.8130879402160645,-1.7775079204271347,-0.020674852654337883,-1.4718523074192755,-1.8106216192245483,-1.4767940044403076,-1.9030687808990479,-0.17866450548171997
