ID,BlendProperty1,BlendProperty2,BlendProperty3,BlendProperty4,BlendProperty5,BlendProperty6,BlendProperty7,BlendProperty8,BlendProperty9,BlendProperty10
1,-0.117370069,0.348089599,0.473673447,0.079500632,-0.41150381,0.015351874,0.454956836,0.065650536,-0.146684147,-0.1404996
2,-0.503909621,-0.250185562,-1.412726728,-0.523577092,-0.577571306,-0.294263965,-1.396187013,-0.856044155,-0.003240855,-0.246947578
3,1.484171683,1.272971524,1.188538643,1.32134888,1.472490616,1.237583777,1.192747968,1.575889289,0.773926408,1.917253698
4,0.841616409,0.457436284,0.534375025,0.376650441,1.593406256,0.157949839,0.516429783,0.632369839,0.376289375,-0.446052218
5,-0.024146771,0.136197606,1.174866046,-0.197263655,2.463519986,0.418315224,1.185595895,0.509796739,-0.434761898,0.80712779
6,-1.146035427,-1.282707744,-0.170645992,-1.097817646,-0.345555416,-0.948939058,-0.177318212,-0.604552338,-0.635203801,0.051562753
7,0.75737974,0.577813912,0.234976683,0.71065379,-0.217857774,0.598490089,0.220714523,0.430239472,0.750897991,1.117358743
8,1.07393382,0.985820865,0.299264404,1.214161663,-0.646768323,0.909215097,0.290720798,0.731670808,1.344317732,-0.011972024
9,1.206554889,1.216248303,0.45670041,1.209155965,-0.465564649,1.263052245,0.469056412,0.892316134,1.043700543,0.216809346
10,-0.755476765,-0.547991263,-1.825555974,-0.667436484,-0.531732292,-0.363523409,-1.801321075,-0.958980387,-0.142477749,-1.055264365
11,0.126806637,0.274645535,0.972910674,-0.030080614,1.588277976,-0.090355603,0.985934096,0.472078674,-0.39293333,0.642345175
12,0.00561301,-0.001587763,0.879926955,0.032055326,1.495408786,0.04370994,0.871719758,0.471784516,-0.304349434,0.768306412
13,0.912094577,0.767560186,0.711115403,0.808156071,-0.72480748,0.761692541,0.700418866,0.651917435,0.768388629,1.363362393
14,0.003667279,-0.15657805,0.70466766,-0.040708653,1.543024516,0.019658239,0.714545402,0.290435451,-0.347024427,0.043950475
15,1.084338888,1.304366035,0.633237367,1.329764256,-0.477347928,0.90779833,0.61539165,0.919305485,1.078506873,-0.295266061
16,-0.419923476,-0.431191457,-0.045519556,-0.45237286,-0.291221853,-0.518307084,-0.051273614,-0.296554403,-0.618383358,-0.276445327
17,-0.891699404,-0.770684331,0.050894884,-0.933064908,-0.44520126,-0.243969498,0.040077875,-0.753287929,-0.362663992,-0.198463881
18,0.095902799,-0.001666189,0.170746103,-0.050502409,-0.288633649,-0.099803241,0.15768588,0.255158458,-0.055021991,-0.647947613
19,-0.07133701,0.184824077,1.078460749,-0.163094329,2.143959709,-0.230298835,1.093537127,0.818404942,-0.601743005,0.809488986
20,-0.51508296,-0.672703924,0.069458715,-0.4803032,-0.528812541,-0.484233462,0.058289497,-0.087555961,-0.629978607,-0.747294102
21,-0.688140875,-1.25671377,0.435377832,-0.864290978,1.784250187,-1.048127892,0.417347394,-0.477419059,-0.851537396,0.444957393
22,1.293711943,1.078284448,0.85850838,1.499232506,1.488458336,1.315380189,0.844786094,1.040075588,0.749726117,1.691816553
23,1.401564609,1.219474563,1.152681788,1.322509622,1.401288275,1.154406682,1.189045065,1.482950033,0.760896868,1.718764485
24,0.437054688,0.250869108,0.30950171,0.413177523,-0.563715859,0.414757397,0.293863904,0.26070648,0.237429384,0.715799731
25,-0.783925475,-0.54231218,0.117285378,-0.714809244,-0.545781586,-0.253588361,0.105218837,-0.656196803,-0.15942297,0.055120381
26,-0.359039157,-0.14661802,0.488443143,-0.024857278,-0.457360203,-0.153811606,0.469427495,0.035753266,-0.124599918,-0.626864811
27,0.865994712,0.946386395,-0.195895271,0.878344655,-0.520110776,0.72542937,-0.199413521,0.490130601,0.774771547,-0.702299193
28,-0.266894302,-0.318091168,0.160437943,-0.405471651,-0.745535837,-0.292768405,0.147593686,-0.240668797,0.049263215,0.522982897
29,-0.802120624,-0.738713798,0.158278029,-0.694351177,-0.465565986,-0.824525713,0.145454407,-0.589941034,-0.905065409,0.158993759
30,-0.103666445,0.157488758,-0.908568555,-0.023950449,-0.412756469,0.294323121,-0.901453799,-0.270393377,0.582139135,-0.913958791
31,-0.867964111,-1.171538343,0.61217535,-0.644257929,1.29280564,-1.159549409,0.595603717,-0.221680247,-1.748139328,0.544477359
32,-1.078755606,-1.057602418,-0.126330046,-1.061907208,-0.167016147,-1.544914545,-0.133830114,-0.778762587,-1.156246496,0.102559094
33,0.703313234,0.589669674,-0.313191163,0.78606571,-0.341456535,0.450137172,-0.317189624,0.277154442,0.926145247,-0.247978795
34,0.473898314,0.542546807,0.308153193,0.428339708,-0.406556009,0.217187362,0.293261291,0.566387739,0.091692513,-0.339001205
35,-0.815882704,-0.696788644,0.30535559,-0.676250865,-0.284431829,-0.405029375,0.289789918,-0.407131424,-1.475603378,0.151451698
36,1.023412815,0.980926036,1.062116258,1.120105333,1.437064577,0.726520357,1.088330861,1.171136827,0.562554304,0.670588666
37,-0.104798571,-0.123130956,-0.328582549,-0.005741317,-0.564190453,-0.110100939,-0.332302543,-0.039622862,0.249051647,-0.66758203
38,0.413223958,0.548017657,0.246082526,0.57676952,-0.358251785,0.347148069,0.231625003,0.430573143,0.266632329,-0.4428677
39,-1.148410626,-1.053091603,-0.294990746,-1.198511966,-0.175066851,-0.557387121,-0.299333227,-1.177097724,-0.743229742,0.000708221
40,-0.334197982,0.281460434,0.457376954,-0.159575831,-0.385488084,-0.140574307,0.438955855,0.179277432,-0.122711541,-0.675698213
41,1.447918576,1.24667737,1.300664456,1.448812799,1.593097436,1.497161228,1.365008285,1.744855917,0.843568653,1.874979329
42,1.138259852,0.789335413,0.669064509,0.959524009,-0.828550868,0.888983363,0.659062118,0.76672828,0.825369232,1.607819907
43,-1.134499426,-1.095744221,-0.876633829,-1.161259421,-0.45012366,-0.871860879,-0.870113126,-1.155334431,-1.007333602,-0.966501268
44,0.885988857,0.623138403,-0.03165268,0.806596325,-0.429266963,0.626260235,-0.040924516,0.546273779,0.716621643,-0.137923624
45,-0.734540175,-1.147637517,0.480884588,-0.787790862,1.630174524,-0.848042528,0.464392499,-0.300624319,-1.118009445,0.455561438
46,0.772804817,0.556758036,0.065346879,0.67735502,-0.182641625,0.728038646,0.059623177,0.430679977,0.849276232,-0.647143567
47,-1.295939024,-1.434509631,-0.76100187,-1.195501293,-0.289334176,-1.308426606,-0.756639369,-1.174820561,-1.329417567,-0.225999702
48,-0.044523859,0.11537971,-0.980670821,-0.002077727,-0.360483041,-0.047279829,-0.972197484,-0.351638027,0.416206412,-0.480041059
49,-0.311173698,-0.250629072,0.388789976,-0.080173862,-0.67834949,-0.273838278,0.378164813,-0.006707912,-0.485978322,-0.249110517
50,-1.308913745,-1.344412332,-1.928020458,-1.22201698,-0.541290999,-1.270498166,-1.901860839,-1.432963858,-1.350699107,-1.193067382
51,1.212091453,1.091627589,1.221691606,1.166825176,1.735518161,1.051532739,1.323150415,1.345724651,0.462945017,1.629464439
52,0.705254193,0.904344955,1.021233317,0.327500295,1.327057896,0.830444374,1.057660992,0.794120087,0.502006625,-0.479548167
53,0.183494095,0.23362633,-0.376118938,0.081386837,-0.285601601,-0.096418153,-0.378940091,-0.021284093,0.221066885,0.558878593
54,1.128606354,0.90300361,0.77461687,1.17933942,-0.207709502,0.703886938,0.777038035,1.047210014,0.656367253,1.587196954
55,0.196056049,0.1769599,0.10516929,0.134164299,-0.36583458,0.113022418,0.093344174,0.242634064,0.128519714,-0.302446026
56,0.48394907,0.47931698,0.292046407,0.240081956,-0.305547882,0.591362312,0.277437922,0.383986438,0.34179949,-0.339799744
57,0.224021606,0.304187583,0.565962337,0.146206992,-0.442490064,0.356519944,0.548798072,0.163164605,0.021576888,0.839574625
58,-0.792833368,-1.086711774,0.549441853,-0.694605089,1.346811666,-0.687141753,0.534076852,-0.0825143,-1.157646056,0.510589023
59,0.161500535,0.557436822,0.149807509,0.351767046,-0.420501027,0.186945829,0.137120893,0.258429318,0.105689397,-0.83522011
60,-0.671139887,-1.149268225,0.502936279,-0.849346432,1.84266124,-0.911883407,0.484854408,-0.502192714,-0.809288188,0.424558857
61,-0.321408172,-0.032276446,-2.018103721,-0.395786714,-0.472869373,-0.375109077,-1.990261106,-0.758294467,0.475685126,-1.326494958
62,-0.218492008,-0.282688847,-0.25693055,-0.460606869,-0.5182739,-0.038826201,-0.261994961,-0.280952328,-0.076225063,-0.977207195
63,1.073097549,0.659265483,0.670634732,1.138786016,-0.422164108,0.951939331,0.659044674,0.883664087,0.773954708,1.510849759
64,-0.212153769,-0.162189524,0.512247908,-0.17843788,1.266363449,-0.104495997,0.502447558,0.314818359,-0.331043977,-0.371373694
65,-0.441956403,-0.167746913,0.523088618,-0.527494595,-0.369688812,0.437869637,0.512557197,-0.187026692,-0.157865188,0.14048418
66,-0.036793426,-0.126243634,0.037245143,-0.125225139,-0.265117893,-0.116266527,0.034659109,0.202758841,0.040643316,-0.229433419
67,0.864455783,0.860204959,0.65754954,1.043895403,-0.294257912,0.735089145,0.642358616,0.684118211,0.636114801,1.224843444
68,-0.189444429,-0.089554054,-1.061399029,-0.114452008,-0.424498304,-0.023664522,-1.051436436,-0.331058684,0.217346732,-0.896068768
69,1.168294016,0.849641865,0.652656021,0.95357521,-0.352179667,0.479583194,0.649558265,0.936169073,0.576841905,1.6174423
70,-0.286349226,-0.285439146,0.300276935,-0.432603982,-0.349917662,-0.182116639,0.284813597,-0.152758031,-0.047361717,0.465850198
71,-0.441828756,-0.446235618,0.062341284,-0.546247823,-0.596776954,-0.639756584,0.051319793,-0.24847642,-0.588123025,0.465187961
72,0.274800293,0.714936722,0.143284341,0.356482558,-0.344991251,0.727399207,0.130761732,0.358830817,0.485026673,-0.835097575
73,-0.043679238,0.270635021,1.07829847,-0.066390058,2.260502406,0.176125366,1.085076747,0.667507803,-0.219561587,0.887207465
74,1.377268621,1.014018864,1.008104698,1.347247923,1.337428091,1.077683073,0.995653622,1.166343956,0.582371967,1.808390829
75,0.600361282,0.688839984,0.010032514,0.498600838,-0.389697926,0.62922105,-5.46E-06,0.468212181,0.681792159,-0.120699968
76,0.173036536,0.080158579,-0.09855744,0.122629431,-0.418422175,0.163736611,-0.106587214,0.204858924,0.202737541,-0.754157406
77,-0.428537898,-0.07544018,0.222718887,-0.417623163,-0.707485498,-0.263416328,0.211935391,-0.125325248,-0.455856916,-0.78143439
78,0.851916496,0.952173651,1.016570646,0.743807467,1.414003361,1.125553126,1.016581764,1.094622118,0.601662221,-0.23328155
79,0.887687643,0.817452282,0.222725743,0.892273552,-0.465337379,0.844436273,0.216981489,0.584631381,0.83423997,-0.092139814
80,0.437411386,0.332079994,-1.351312035,0.339506715,-0.415856698,0.105605227,-1.335914536,-0.368479664,0.774721379,0.092622793
81,0.314817214,0.286585131,0.634668167,0.332542266,-0.424927443,0.050636188,0.616225794,0.38633531,0.053876102,1.08360671
82,0.503800059,0.886139438,0.455815873,0.527365462,-0.337731982,1.032334411,0.442815754,0.663950102,0.519182104,-0.1284692
83,-0.559846702,-0.423267784,0.571287838,-0.711290747,-0.551657183,-0.206594128,0.553038569,-0.131621104,-0.794911828,0.258557782
84,0.91066063,1.041300096,0.663409878,0.859627699,-0.437161252,0.804944085,0.671739209,0.733083058,0.465874059,-0.257616332
85,-1.020467186,-0.984885817,-1.715180948,-1.173048201,-0.308050525,-1.220727979,-1.693012352,-1.410070765,-0.998919521,-0.914056543
86,-0.803327908,-1.141120093,0.794728068,-0.578603491,1.368172369,-0.875662663,0.784305874,-0.09738903,-1.764086333,0.528865925
87,-0.542265931,-0.468473284,0.024406798,-0.471633913,-0.344272009,-0.362096035,0.014071919,0.055186711,-0.56092037,-0.748907701
88,-0.521515444,-0.458140058,0.054243322,-0.465467474,-0.611758055,-0.516699395,0.043371635,-0.082523081,-0.46747146,-0.664864244
89,-0.696114674,-0.568779411,0.285472955,-0.612772817,-0.486879897,-0.699669912,0.270293777,-0.536512596,-0.706147842,-0.050010008
90,-0.141656513,-0.351305691,0.753726275,-0.194398074,1.590370196,-0.166538264,0.739187547,0.025996298,-0.470423657,0.53050706
91,0.308144943,0.009386388,-0.100609929,0.11265431,-0.387327634,0.14281998,-0.108588526,0.15361545,0.317491145,-0.903232212
92,-0.894006605,-0.856657533,0.099427805,-0.81064296,-0.412825986,-0.69488624,0.087701807,-0.797205261,-1.19226329,-0.123836298
93,0.069614555,-0.266189759,0.605286482,-0.008461805,1.54106331,-0.090269233,0.588218527,0.168921904,-0.28417545,0.453715161
94,1.399340916,1.151482418,0.907448142,1.330525992,-0.691267781,0.984720437,0.912351784,1.003222435,0.756770225,1.737633406
95,0.750706277,0.908677284,-0.246935521,0.774023018,-0.310269749,1.086676134,-0.252180286,0.500827119,1.280042182,-0.654183099
96,-0.884097812,-1.122057305,0.189584208,-1.009238565,-0.062612339,-1.370727982,0.19173673,-0.496306629,-1.212773014,0.179681422
97,-0.234625709,0.043898987,0.4393891,0.007099385,-0.443669194,-0.174946435,0.421308786,0.281963411,-0.135528833,-0.574030454
98,-0.773385602,-0.521015619,0.272714606,-0.564964779,-0.600728777,-0.691366295,0.257781612,-0.36162037,-0.444455907,0.163662458
99,-0.16178785,-0.068005991,-1.7479065,-0.22363425,-0.388410509,-0.389344932,-1.725115807,-0.649154576,0.413739174,-1.236118262
100,-0.39080909,-0.087287829,0.065840573,-0.089278428,-0.202621328,-0.312412218,0.054756278,-0.212009624,-0.437572595,-0.600821431
101,-1.57970199,-1.609752608,-1.715107808,-1.474260605,-0.301720388,-1.319591032,-1.69292196,-1.568526736,-1.0855057,-0.436326566
102,-0.445297907,-0.301900373,-0.058175051,-0.384687124,-0.536643997,-0.246971226,-0.066935229,-0.388257025,-0.118727684,0.464182904
103,-1.5216629,-1.436724473,-1.235760074,-1.29536133,-0.221035542,-1.188719654,-1.222545443,-1.58555277,-1.261506763,-1.346498355
104,-0.546455635,-0.893479625,0.757897537,-0.770887565,1.210852093,-0.287821085,0.739769545,-0.347001748,-0.377781295,0.473287623
105,0.372057015,0.204154594,0.581113732,0.189698523,-0.44422801,0.267189383,0.560380942,0.339543719,-0.494334517,0.942831201
106,0.146351034,0.115409458,-2.040724533,0.048196886,-0.565415037,-0.016224602,-2.012445222,-0.518266027,1.342489815,-1.118260816
107,-0.631658608,-0.279792515,0.177817821,-0.453714967,-0.313130677,-0.245622646,0.166909043,-0.106016198,-0.219287592,-0.395934269
108,-0.450783174,-0.488707046,0.490847619,-0.594454866,-0.52922029,-0.330525621,0.471822092,0.022975691,-0.946742187,0.329419841
109,-0.520742401,-0.427088996,0.580487471,-0.597429266,-0.19347037,-0.67449995,0.564975079,-0.035427087,-1.155623898,0.40828794
110,0.540672317,0.6375173,-0.707744566,0.589066124,-0.281227322,0.3974986,-0.704391169,0.011471338,0.962536372,-0.648770934
111,0.09438773,0.272225164,1.045870049,0.112400397,1.726073088,-0.033568253,1.077675698,0.555455603,-0.278626093,0.760191606
112,0.842765237,0.554775766,0.561690507,0.565234652,-0.373385291,0.652184796,0.553423925,0.587811506,0.723313287,1.371382201
113,0.04521955,-0.107681146,-0.157903644,0.04663714,-0.215353793,-0.035651734,-0.164823491,-0.050695491,0.038886149,-0.595362455
114,-0.552665034,-0.59142543,-0.736947973,-0.614042378,-0.390887751,-0.510658058,-0.733012152,-0.843415854,-0.221808857,-0.043788289
115,0.697528532,0.488665832,-0.467025026,0.690667273,-0.325589081,0.463415384,-0.468153887,0.263151942,0.755512165,-0.531922676
116,-0.577503822,-0.414900602,-1.165232601,-0.375074734,-0.410228425,-0.367423685,-1.153319394,-0.838036131,-0.216735454,-0.966309894
117,-0.132809462,-0.070285737,-1.877496759,-0.126784886,-0.474609993,-0.049320882,-1.852287927,-0.850873708,0.407945408,-0.846340451
118,0.454646195,0.45937799,0.744053518,0.375344607,1.576810201,0.473626712,0.74376424,0.75462683,0.346928207,-0.023263088
119,-0.469752559,-0.283813846,-2.02521658,-0.50398958,-0.459693063,-0.276217234,-1.99724984,-1.022487757,0.598749902,-1.309322243
120,0.670692715,0.705184925,0.380858864,0.778266979,-0.307160162,0.275333899,0.368751351,0.582589838,0.192085194,0.070857103
121,0.355097781,0.099462052,0.127163841,0.382744333,-0.446074245,0.342640174,0.114927262,0.398666526,0.356125682,0.058295261
122,-0.979890763,-1.02936115,0.080066292,-0.902631719,-0.313890026,-0.903535847,0.068711544,-0.629195744,-0.597774584,0.051576521
123,0.17468999,0.005554359,-0.117416116,0.271131789,-0.398499958,0.215502394,-0.125081114,0.264471994,0.420924781,-0.827964421
124,-0.879303273,-0.863929464,-1.348109877,-0.849999349,-0.378331754,-0.542707295,-1.332788874,-1.280939846,-0.592950734,-1.386569859
125,-1.560198155,-1.472600051,-1.976877937,-1.514124818,-0.394328886,-1.460537365,-1.949828894,-1.60679214,-1.078649401,-0.413014739
126,0.542822045,0.669866438,-0.420041758,0.409876664,-0.118273425,0.293071517,-0.422031733,0.095382434,0.733965635,0.506510968
127,-0.8916493,-1.097967176,0.508922326,-0.716042532,2.100896062,-0.910519674,0.490721963,-0.497205201,-0.74240004,0.158010731
128,0.244640867,0.196152496,-1.205644704,0.153679265,-0.424712205,-0.195591834,-1.192979309,-0.277273159,0.74872147,-0.993055437
129,-0.76423673,-1.127744501,0.583003942,-0.728774415,1.64175326,-0.600631089,0.563419384,-0.3335861,-0.99029705,0.421864477
130,1.366338647,1.412287541,1.14161023,1.717633262,1.868333387,1.388070179,1.197970092,1.144887992,0.917260359,-0.128816151
131,1.25880689,1.473767671,1.306273375,1.690863663,1.880851951,1.24392665,1.431436937,1.569779293,0.954936557,0.535609447
132,1.083849771,1.286009076,0.45342054,1.566809421,-0.537466179,1.238203518,0.462973185,1.192155212,1.477549898,-0.145516627
133,0.603674154,0.669682544,-0.649072621,0.550870476,-0.382239461,0.513065865,-0.646811424,0.111345987,0.767955125,-0.761541136
134,-0.795790736,-1.203836099,0.412457603,-0.86751929,1.479998546,-0.502978727,0.394890516,-0.400746295,-0.487332859,0.376283055
135,0.117209209,0.051327768,-0.936137741,0.13920627,-0.373031017,0.274145936,-0.928520672,-0.051043797,0.579441638,-0.624594483
136,0.623501283,0.418710347,0.174188251,0.502445794,1.459669917,0.266886332,0.161071618,0.321718629,0.224776747,-0.070714192
137,-0.531197573,-0.55990652,0.427739279,-0.674147021,-0.176108282,-0.726593029,0.41507332,-0.126302847,-1.143444641,0.319709334
138,1.138015293,0.791736853,0.563674428,0.999823501,-0.267210113,0.570483563,0.543285741,0.577394512,0.775717022,1.573594258
139,-0.222636379,-0.333419284,0.530642603,-0.021592693,1.672993521,-0.264016371,0.513583226,0.096190271,-0.493322151,-0.002228474
140,-0.526603453,-0.340036767,0.388131716,-0.689091567,-0.325244166,0.06719948,0.384638153,-0.090203382,0.128288169,0.204495327
141,0.483881071,0.528146275,-0.51804242,0.735573458,-0.325635872,0.289980389,-0.518248535,0.188636336,0.644606064,-0.738422061
142,-0.967822697,-1.019317286,-1.886906669,-0.967161688,-0.505917098,-0.953933351,-1.861506332,-1.165054812,-0.686407361,-0.712311218
143,0.394979897,0.374521673,0.54706709,0.291118306,-0.690880086,0.377709322,0.536753725,0.399532901,0.405033089,0.898176359
144,-0.351389845,-0.447960978,-0.019868007,-0.534350224,-0.163706027,-0.388035749,-0.029359089,0.011865012,-0.451889782,-0.519778002
145,1.13417155,0.895301692,0.641522751,1.065369119,-0.25167287,0.928716476,0.624042329,0.57470026,0.946546917,1.617278462
146,0.622655469,0.99127008,0.465605197,0.54405112,-0.379053671,1.12443335,0.455036127,0.713154959,0.779812792,-0.018250192
147,0.417840744,0.640216216,0.110005669,0.15922906,-0.417493042,0.180119588,0.098081036,0.233829816,0.132567889,-0.814251582
148,1.15871329,1.085399528,0.187300871,1.119561235,-0.230821519,1.116390357,0.184391185,0.725680817,1.090439148,-0.141366979
149,-1.52888155,-1.653051559,-1.455305601,-1.478540839,-0.192047928,-1.466798414,-1.437965591,-1.661108905,-0.822942899,-0.406524546
150,0.667481245,0.647753171,-0.388289882,0.654285284,-0.325385875,0.564842255,-0.39090356,0.14598637,0.856274031,-0.540648778
151,-0.88508201,-0.860759995,0.03934563,-0.872234802,-0.247852061,-1.180176626,0.028753494,-0.554945027,-0.905950424,0.185729665
152,-0.674283358,-0.318742911,0.010041657,-0.53453159,-0.316081176,-0.211976326,-1.97E-05,-0.450008228,-0.584984306,-0.732143893
153,-0.386874681,-0.40408871,-0.625439278,-0.390164373,-0.457965811,-0.429822038,-0.623567977,-0.61223264,-0.348124265,0.410738628
154,1.056333962,1.011103601,0.272975167,1.244413487,-0.431200094,1.085627575,0.263742731,0.781799115,1.347734304,-0.058932991
155,0.217159654,0.230454157,0.560664262,0.230251927,-0.620068114,0.231180776,0.556617778,0.329264291,0.260200529,0.681404737
156,0.626084059,0.404342267,-0.217594977,0.588014202,-0.479621964,0.354941044,-0.223380105,0.257524892,0.811655347,0.330784241
157,-0.297590564,-0.317726084,-0.371853966,-0.277318541,-0.405092123,-0.395631741,-0.374729724,-0.434957881,-0.240853417,0.534300119
158,-0.533349688,-0.446438443,-0.047311484,-0.62184111,-0.400078816,-0.334756223,-0.053032295,-0.326410696,-0.298511932,-0.329250771
159,0.601145062,0.437973256,0.289273946,0.326593466,1.500899361,0.213294662,0.27439948,0.446759144,0.12293048,-0.291954878
160,-0.21077947,0.155260394,0.399854677,0.061182681,-0.66875335,-0.005140485,0.389034062,0.04684492,-0.224813794,-0.613833484
161,0.146760222,0.203359522,-1.517252844,0.229852922,-0.500986677,0.006640652,-1.498747118,-0.574274565,0.897609923,-0.977142486
162,0.917351988,0.776100445,0.67148727,0.903590781,-0.295827412,0.791581019,0.666285554,0.911914951,0.809090346,1.447521501
163,-0.37867899,-0.473938726,0.802910598,-0.169188221,1.576292828,-0.505589518,0.821003466,0.243326286,-0.953064646,0.508324202
164,0.201222793,0.267879313,-1.463092719,0.168986543,-0.212355167,-0.003185801,-1.445652088,-0.250078922,0.673177406,-1.155105122
165,-0.73758463,-0.637147456,-0.312567188,-0.631489773,-0.428412695,-0.505821353,-0.316596525,-0.445764159,-0.635129192,-0.83496265
166,-0.905842041,-1.087666401,-0.00916672,-0.984826722,-0.16753352,-0.801971087,-0.013664172,-0.583362727,-0.652823074,-0.360955516
167,-0.154736215,0.192988435,1.071096471,-0.038967541,2.322375984,0.142353281,1.071397415,0.715269677,-0.33309958,0.694604033
168,-0.467810407,-0.288092089,0.556742133,-0.646289226,-0.348251907,0.016950472,0.559164614,-0.172905651,-0.195466777,0.354079546
169,-0.045201465,0.098158568,-2.061487133,0.021354741,-0.573247829,-0.249063798,-2.032821496,-0.559111532,0.680433763,-1.239907191
170,0.542035879,0.862103395,0.495512576,0.583842788,-0.505514697,0.405899194,0.481980892,0.652764786,0.189574219,-0.574435231
171,-0.089437914,-0.183264331,-0.223480456,-0.090185257,-0.326102444,0.136298307,-0.22916044,-0.074749117,0.071455498,-0.865816538
172,0.063537575,-0.001498521,-0.889547599,0.070359793,-0.302986416,0.089170731,-0.88277753,-0.272175886,0.325431845,-0.94796553
173,-0.162896117,-0.236993864,0.502335161,-0.283122248,1.274717625,0.011409171,0.494554904,0.406106818,-0.278525757,0.019983296
174,-0.142155174,0.120745092,1.086410146,0.098362681,2.229633798,-0.075074219,1.11740539,0.522606509,-0.527911085,0.86874745
175,-0.336356062,-0.449310436,0.30049407,-0.461948976,-0.605155194,-0.011333347,0.288291313,-0.136152014,-0.020677465,0.468877761
176,1.389801943,1.214842054,1.126033708,1.337490441,1.526620973,1.274736405,1.187140489,1.415542511,0.847498483,1.928028465
177,0.18499127,0.193897089,0.533186501,0.052150662,-0.461080746,-0.097642482,0.516648627,0.176347561,-0.159407533,0.99215061
178,1.069401734,0.766997686,0.617391142,1.061814349,-0.408142888,0.875296031,0.604514472,0.889365774,0.837632102,1.369937947
179,-0.488929521,-0.433227814,0.860403162,-0.746403175,1.080407158,-0.478025447,0.846257741,-0.140521941,-0.628362939,0.314879551
180,0.634750972,0.454699507,0.267238253,0.4478184,-0.445812216,-0.201460431,0.252402492,0.204610133,-0.094729352,1.332100975
181,0.24536977,0.24126064,1.134177383,0.264892804,2.023197811,0.407476579,1.151408664,0.851674051,-0.157939797,0.450007463
182,0.479536281,0.395885843,-0.15420322,0.32572291,-0.322508905,0.111329874,-0.16118085,0.07152784,0.322361304,0.762914898
183,1.03148563,0.900461544,0.795128052,1.10450787,-0.278447945,0.930008992,0.795447885,0.94422695,0.723799531,1.623149099
184,-0.234362063,-0.040870791,1.2537269,0.150414679,2.394312273,-0.009918095,1.284096286,0.777863839,-0.339289544,0.619482182
185,1.003184848,0.959072384,0.327130721,0.818203739,-0.672112934,0.061783946,0.31115099,0.441818462,0.230964139,1.493755521
186,-0.746067826,-0.633672398,0.327318142,-0.782349887,-0.30944623,-0.125406567,0.31360902,-0.487397011,0.038071883,0.144979403
187,1.011501029,0.779772919,0.681747432,0.983355482,-0.352489823,0.529117,0.665208778,0.755728825,0.536240524,1.359960343
188,-0.023217449,-0.125234921,-1.002121394,-0.191858953,-0.419184198,-0.266187737,-0.993236633,-0.378923,0.465070084,-0.919158931
189,-0.992331034,-1.07793083,-0.594731932,-0.999009531,-0.358199647,-0.863161779,-0.593465834,-1.031230539,-0.830811563,-0.306313432
190,-1.189780373,-1.107237603,-1.879412111,-1.122447129,-0.260972222,-1.381598448,-1.854162373,-1.580167193,-1.011003587,-1.23085479
191,0.975349324,1.382285758,0.719249936,1.141687869,-0.560455204,1.39282506,0.722688617,0.942593715,1.306355962,-0.438708414
192,1.366683415,1.244170461,1.251902973,1.389614986,1.478041351,1.122739291,1.344378278,1.831401263,0.56677871,1.768401933
193,0.976789236,0.652696677,0.68520558,0.913239444,1.644670337,0.644067555,0.671599656,1.012013512,0.899729845,-0.020104729
194,0.995341083,0.697147671,0.443457509,0.715224209,-0.249628777,0.850620043,0.427553768,0.182573171,0.946855644,1.400992847
195,-0.34691025,-0.529163751,0.509022894,-0.436448938,1.467850299,-0.382076237,0.494120387,0.030957468,-0.446282538,0.526391831
196,0.513145771,0.63898034,0.600418105,0.576370515,-0.423324522,0.83323245,0.579339489,0.63859984,0.462448482,-0.037932797
197,-0.592112909,-0.33519873,-1.994669227,-0.68466624,-0.319655999,-0.571151731,-1.967233331,-1.120623801,-0.093570342,-1.325371496
198,1.259847159,1.030536882,0.910156606,1.279344549,-0.474660795,1.037352948,0.920625037,1.08511833,0.847486906,1.552877683
199,-1.338365741,-1.366057751,-0.980595396,-1.27178377,-0.36293622,-1.283982453,-0.972119778,-1.166484625,-0.959041075,-0.161443346
200,-0.056430874,-0.074215121,0.056565515,-0.252217507,-0.525800546,-0.228995712,0.04565681,-0.119622097,-0.325302952,0.736782027
201,-1.337869466,-1.102164289,-1.604444794,-1.345853583,-0.344821467,-1.123651416,-1.584337303,-1.581566272,-0.860751593,-1.426367381
202,1.276694254,0.979987635,0.782401702,1.239045057,-0.734031966,1.063751785,0.76223118,0.762108099,0.992594747,1.599203949
203,0.940554024,0.81311184,0.379092077,0.756031526,-0.312132026,0.429190236,0.362149559,0.616022857,0.474172367,1.575894876
204,1.132607569,1.381953126,1.172073014,0.758534374,1.432008489,1.018468279,1.17521508,0.872724633,0.709118305,-0.138322894
205,-0.799509217,-0.925777381,0.598500467,-0.963207913,1.121199442,-0.558531141,0.578828853,-0.328228329,-0.428614384,0.48930521
206,1.094437362,0.726603181,0.800773541,0.90837884,-0.369397371,0.779337729,0.784277329,0.819326929,0.751063932,1.423807651
207,0.91011425,0.698434929,0.270058712,0.764265535,-0.366962909,0.219107194,0.255157071,0.733232332,0.303575302,1.381372197
208,0.962730108,1.080272127,0.144466008,0.946610761,-0.418499714,1.367849051,0.136071076,0.842386858,1.325293754,-0.450960478
209,-0.905937478,-0.874644,-0.035503955,-0.938469611,-0.331389813,-1.060049947,-0.042429464,-0.56113844,-0.925332011,0.115042458
210,-0.372442153,-0.190108978,0.783208527,-0.104621979,1.411190561,0.026442052,0.767968698,0.574425127,-0.280324088,0.49055809
211,0.561723431,0.748816508,-0.291274323,0.579961559,-0.369743624,0.341188557,-0.295673141,0.095285845,0.619208172,0.848481086
212,0.124992133,0.063407989,0.043400326,0.038548223,-0.434343104,-0.099271385,0.032713301,0.266816476,-0.007909056,-0.362344698
213,-0.287509984,-0.274424429,0.51076911,-0.321390443,1.361010691,0.126479431,0.496673567,0.361170909,-0.107308667,-0.567917502
214,-0.33293105,-0.213065995,0.4891814,-0.165633451,1.382709625,-0.043208329,0.471068825,0.018955534,-0.230975459,-0.325463219
215,-0.34118281,-0.197099659,-0.524958715,-0.332598852,-0.352020578,-0.266874149,-0.524981951,-0.607695876,0.123030816,0.488041316
216,1.249285812,1.358073934,1.229350729,1.66199022,1.913217867,1.535053302,1.302385614,1.321682732,0.973164279,-0.230172756
217,1.345514196,1.413820894,1.326295433,1.665980268,1.955879112,1.208855988,1.512301361,1.475394127,0.896247668,0.449661889
218,0.795465246,0.987908604,1.046676874,0.130827168,1.510613147,0.72492782,1.042348259,0.928837078,0.401427422,-0.477316389
219,-1.308709747,-1.428638541,-0.846680738,-1.287272413,-0.418419501,-1.47128358,-0.840699231,-1.202139194,-1.02259755,-0.147051749
220,0.997540916,1.407779431,0.70864693,1.209953975,-0.469258454,1.176374902,0.69817968,0.920204057,1.475579194,-0.436578518
221,-0.221522147,-0.192313003,-1.182130213,-0.158052358,-0.355733099,0.025790491,-1.169905545,-0.666209879,0.495798651,-1.097242724
222,-0.333330695,-0.017478378,0.935687016,-0.080899326,1.645529952,-0.076169751,0.955245197,0.45480824,-0.28860696,0.647166697
223,0.024804288,-0.180508623,0.788358036,-0.150507539,1.478790005,0.057286658,0.770084189,0.21909997,-0.244176085,0.63108027
224,0.60856413,0.381222991,0.693200689,0.485615043,1.75274656,0.290203132,0.67176141,0.610586058,0.384285389,0.078993938
225,-0.546530792,-0.607248437,-0.044171038,-0.558580701,-0.330716024,-0.415777105,-0.053198807,-0.053767319,-0.494783456,-0.783284797
226,-0.282369484,-0.271979719,0.602598589,-0.362451671,-0.446651778,-0.380503398,0.587013299,0.023092769,-0.808696462,0.214335253
227,1.33583326,1.386179986,1.045447209,1.437967122,1.715118676,1.248175435,1.043507498,1.075888212,0.88884338,-0.330909804
228,-0.180148821,-0.132609615,0.209007434,-0.162260046,-0.572836069,-0.008161911,0.195225546,-0.007531847,-0.136645393,-0.547035712
229,-0.856939893,-0.778326754,0.200258068,-0.816011389,-0.630399539,-0.294515498,0.188929818,-0.628349857,-0.731262735,0.159428825
230,0.038194161,0.381479902,0.340778177,0.136775968,-0.475513725,-0.009352904,0.325994319,0.444622475,-0.116982094,-0.53233296
231,-0.108440703,-0.033731373,-1.97200956,-0.320302248,-0.531641384,-0.374825724,-1.945039701,-0.726005883,0.204813726,-1.311406704
232,-0.077312587,-0.024282461,-1.783388513,-0.094646857,-0.568114202,-0.275736897,-1.759937368,-0.700699525,0.370608809,-1.301515837
233,1.126858656,1.093728849,0.625107406,1.082526329,-0.629066667,0.59196387,0.616969547,0.792470754,0.941678045,1.455958476
234,-1.16756015,-0.931832365,-1.914500997,-1.275084628,-0.323308361,-0.892607801,-1.888600164,-1.33032471,-0.499939187,-1.409529226
235,-1.293211899,-1.33185615,-0.865738263,-1.172213918,-0.312055824,-1.336142203,-0.859410389,-1.175988412,-1.212634087,-0.199769079
236,1.014979724,1.024706357,0.106732656,0.879614216,-0.205916743,1.451876207,0.097941483,0.934771457,1.199252341,-0.473539851
237,-0.131641546,-0.015712454,0.665338944,-0.066063599,1.293185314,0.094308974,0.66046716,0.556712725,-0.185049834,0.061746876
238,1.339129431,1.170434329,1.118235162,1.536847783,1.392031704,1.197232438,1.167826718,1.276299,0.788485431,1.825928394
239,-0.79499264,-0.561864451,-1.422650904,-0.491946888,-0.420221618,-0.630972629,-1.405919226,-1.270931161,-0.315403125,-1.426043835
240,1.202290028,1.48533407,0.731692868,1.342351046,-0.478949512,1.136190242,0.744967882,0.96388577,1.371026425,-0.41697026
241,-0.422355938,-0.25794968,-0.842733467,-0.194252982,-0.626618836,-0.455678412,-0.83683616,-0.497541799,-0.261478914,0.193560853
242,-0.006147269,0.153651321,0.099393521,0.348176002,-0.379579065,0.240889038,0.087674847,0.150526061,0.050265289,-0.613777035
243,0.791199192,1.048423289,0.476379625,0.763576345,-0.374925379,0.525207633,0.472670509,0.77544472,0.550367329,-0.451982057
244,0.955946891,0.824916219,0.165368032,0.794009535,-0.344856226,0.721698804,0.154514229,0.504528239,0.801399199,-0.081622507
245,0.792291951,0.703408183,0.306516687,0.798326042,-0.552725352,0.651589299,0.290930127,0.486278743,0.883287591,1.326630984
246,-0.771787025,-0.587128257,-1.420609842,-0.543164604,-0.52696096,-0.629851337,-1.403944873,-1.257389654,-0.253723449,-1.433899805
247,0.286312435,0.228068942,0.662315064,0.203119595,-0.4438724,0.045355511,0.640082956,0.233791766,-0.496476306,1.026841615
248,-0.852735874,-0.958734993,0.361005941,-0.829432462,-0.195994404,-0.560578256,0.35995319,-0.394667032,-1.064369519,0.329286292
249,1.008176227,0.817460395,0.443985488,0.919079425,-0.419506386,0.813306798,0.428048546,0.203136417,0.951682066,1.482840322
250,1.423514028,1.206296386,0.963100779,1.417327688,-0.539676045,0.952954554,0.997225175,1.150623339,0.805124498,1.702342121
251,-1.525628326,-1.758344461,-1.120555527,-1.505092799,-0.354389533,-1.352708526,-1.10946497,-1.551859253,-0.853093892,-0.328102527
252,-0.553596742,-0.023838951,0.23821084,-0.172597899,-0.34587092,-0.272813963,0.223884588,-0.093398142,-0.341080158,-0.765547598
253,1.452550871,1.384422174,1.094320687,1.451351921,1.901779504,1.401325662,1.140772531,1.31136379,0.963510147,-0.39428212
254,0.088314329,-0.106423634,0.67688134,-0.0006268,1.6784226,-0.104877842,0.657961555,0.023985487,-0.378185212,0.400101541
255,-0.918899076,-1.027933266,-0.664288014,-0.922944694,-0.51399454,-0.830468558,-0.661707085,-1.152430903,-0.795323464,0.063023162
256,0.421437543,0.71536671,0.473575165,0.299787594,-0.435311007,0.843355893,0.454855343,0.480322412,0.513998073,-0.342081087
257,1.424375351,1.139602318,0.964392156,1.49321116,-0.37886517,1.194724685,0.993742702,1.162471609,1.017206673,1.579862788
258,1.037674748,0.889722669,0.364084676,1.036967227,-0.325832394,0.894758014,0.349520043,0.744457163,0.783354141,0.145563163
259,0.729398674,0.529328066,-0.233614909,0.892164733,-0.238915004,0.541864872,-0.239111496,0.28946956,0.859275109,-0.460940836
260,-0.861708187,-0.459659889,-1.816376911,-0.730914532,-0.389648461,-0.626167744,-1.792294556,-1.261661529,-0.104377052,-1.481467936
261,0.850700861,1.109327397,1.163346505,0.490258009,1.547450933,1.048494645,1.197676715,0.974737415,0.77608492,-0.367791283
262,-0.101161212,-0.220973442,-0.310720405,-0.105492535,-0.197944915,0.093364967,-0.314777583,-0.238649205,-0.068719153,-0.996037567
263,0.431275951,0.693499536,0.378317251,0.761907779,-0.384645849,0.397572848,0.361385191,0.826506723,0.198700944,-0.148657087
264,-0.666266612,-0.03326082,-0.097647762,-0.304922423,-0.512287342,-0.353230257,-0.105697566,-0.25129653,-0.364188329,-0.835891984
265,-0.199646692,0.143756195,0.978643016,-0.267561058,1.809495869,0.121550294,0.991647826,0.58377525,-0.491652456,0.452061635
266,1.215666779,1.309771981,1.247848277,1.62858263,1.850583604,1.33208137,1.298555845,1.289436589,0.960366283,-0.162298333
267,0.767815825,1.158070155,0.467438267,0.95712998,-0.404085451,1.480870682,0.454076703,0.71506479,1.110433042,-0.332561954
268,-0.925256403,-0.901589897,-0.034084583,-0.925556362,-0.345809423,-1.218199012,-0.043298497,-0.700187309,-1.089038045,0.084718635
269,-0.410646956,-0.630467773,0.703657415,-0.528619063,1.115855924,-0.058309397,0.684287847,0.091511551,-0.344636943,0.579754876
270,-0.55702056,-0.570372258,0.688506019,-0.532717931,1.714828573,-0.284608737,0.675521403,-0.182529443,-0.333868823,0.466146208
271,-0.110564186,0.026128866,0.38080858,-0.114053003,-0.277980036,-0.009268049,0.371642311,-0.126626274,-0.301714969,-0.033532572
272,0.463101953,0.341317969,0.279370341,0.542709013,-0.408057328,0.189817244,0.264269225,0.494421501,0.212535745,-0.150646551
273,1.040496118,0.741036164,0.675445969,0.970260868,-0.208476872,0.952730296,0.662175094,0.81318181,0.646212727,1.628024316
274,1.150283777,1.030942531,0.924933159,1.303321115,-0.617346222,0.912947179,0.943865312,0.985675405,0.599663218,1.553460066
275,0.169147461,0.357268079,0.786527252,0.209793859,1.267551937,0.536616016,0.81642043,0.962663771,0.007245551,-0.14289384
276,1.249705737,1.271202895,1.0496139,1.353305543,-0.203658749,1.11995576,1.093933584,1.242358157,1.057910962,1.647588517
277,0.077727931,0.023462401,-0.567869003,0.117514914,-0.428355209,-0.267305998,-0.567095138,-0.328575172,0.103223444,0.449641237
278,-1.563916637,-1.55125535,-1.704845361,-1.407227786,-0.430573096,-1.186831642,-1.682870997,-1.882475149,-1.026514516,-1.068842278
279,1.099835543,1.315191449,0.626321072,1.408259395,-0.346088832,1.085957901,0.648150051,1.013534059,1.259650803,-0.175135533
280,1.000921788,0.95283621,0.259295713,1.165882074,-0.322201422,1.060636413,0.262334518,0.696288444,1.354311463,0.071595063
281,-0.128306007,-0.148676011,-2.090923673,-0.255844824,-0.347373575,-0.17603136,-2.06172317,-0.865888931,1.043704402,-1.148727826
282,0.093578898,0.167308163,-1.74733738,0.056394623,-0.424304456,-0.046114595,-1.724551253,-0.647552074,0.832415912,-1.201413489
283,-0.56774415,-0.537184779,0.373752861,-0.731821361,-0.322903285,-0.215505364,0.356914748,-0.380945518,-0.958404327,0.211216821
284,-1.231179945,-1.235887761,-0.691406932,-1.234277312,-0.171528124,-1.261573292,-0.688339442,-1.167412466,-0.930711568,-0.114142312
285,0.763731102,0.844863322,-0.145360144,0.816317534,-0.325764213,0.68137777,-0.152503212,0.507943983,0.782067781,-0.775931356
286,-1.53016757,-1.557734913,-1.459675713,-1.410637464,-0.624193732,-1.5405506,-1.442253664,-1.523844008,-1.636340493,-0.370960656
287,-0.041344599,-0.012545689,-1.874367741,-0.128562271,-0.578516481,-0.131344866,-1.849214597,-0.71757043,0.817945648,-1.169791352
288,1.357561981,1.610436154,1.243759297,1.853802742,1.917491879,1.150988258,1.390414798,1.435794037,0.961343916,0.421176081
289,-0.472362774,-0.324370611,-1.501107203,-0.471271181,-0.225028809,-0.261329817,-1.482907891,-0.706472922,0.304572231,-1.162046903
290,-0.925336332,-0.89213828,0.20525444,-0.819058335,-0.330182608,-0.532518696,0.196747939,-0.427510272,-0.436395575,0.168910785
291,-0.090587936,-0.217655234,0.283754166,-0.049523034,-0.567333462,-0.3055981,0.268593772,-0.304919609,-0.741246175,0.879406567
292,0.403444005,0.292856461,0.536342947,0.312628296,-0.156263604,0.032916752,0.516455156,0.22296939,0.110277843,1.039411717
293,-0.953282802,-0.809174991,-0.006243408,-0.949351562,-0.118905771,-1.215847331,-0.005625622,-0.572506691,-0.897522194,0.188872879
294,0.470130921,0.743624204,-0.657533998,0.667778903,-0.256430833,0.636486716,-0.655114808,0.156470684,0.995613833,-0.575390724
295,-0.916990328,-0.694498081,-1.93606128,-1.021063619,-0.446103656,-0.815058377,-1.909759836,-1.31281573,-0.498888231,-1.426302672
296,-1.46887287,-1.627912152,-1.187581424,-1.410601191,-0.426197481,-1.13615533,-1.175252949,-1.740133468,-0.924100964,-0.295614389
297,-0.498476845,-0.558297446,-0.892877752,-0.418094714,-0.30859731,-0.5347734,-0.88603323,-0.85117811,-0.270504016,0.00965461
298,0.051972943,0.073838571,-0.855158114,0.041341257,-0.391212613,0.160030289,-0.849040674,-0.177212649,0.656454726,-0.723467356
299,-0.04851553,0.191920227,1.137827523,0.154586094,2.156090577,0.078465429,1.152962773,0.665091611,-0.440900408,0.746597171
300,-0.948427422,-1.037425447,-0.543641398,-0.84680731,-0.68664618,-0.849324437,-0.543352156,-0.516836215,-0.948775922,-0.914644433
301,0.03696779,0.147252887,-1.742980982,0.227676532,-0.53031386,0.032192459,-1.720277453,-0.55754269,0.542539829,-1.129923614
302,0.21183663,0.394409281,1.084707357,-0.001279717,1.50651694,0.257296259,1.104014677,0.695849403,-0.325439306,0.58242172
303,-0.480009699,-0.669969851,0.592873263,-0.55295836,1.607062506,-0.341229408,0.573422773,-0.220257752,-0.578917833,0.527708043
304,0.998403432,0.932862064,0.80100896,1.04077591,-0.289018671,0.63147424,0.812866595,0.960205138,0.784206998,1.381453428
305,0.892211378,0.597271532,0.607690958,1.017270896,1.547072595,0.731296452,0.593811734,0.729895616,0.806046818,-0.242160476
306,0.191416596,0.122800379,0.656166738,0.350932763,-0.583642087,-0.096965161,0.637290317,0.179603787,-0.619707022,0.978345526
307,-0.552316687,-0.611029083,0.827636469,-0.716804269,1.216893463,-0.351999867,0.814071822,-0.12538964,-0.51637115,0.4504205
308,1.01483776,1.130610436,0.611309099,1.039832808,-0.314303123,0.80830796,0.632653363,0.944286953,0.804426004,-0.307106464
309,0.237679898,0.285936093,0.715499228,0.226733429,-0.606582984,-0.082620207,0.705339683,0.187800693,-0.499613738,0.931666802
310,0.196435412,0.210909998,-0.215096791,0.155130192,-0.349210451,0.355669884,-0.220945863,0.190329573,0.149446219,-0.730952969
311,0.567512905,0.203494739,0.181801662,0.50182915,-0.301995786,0.377762356,0.171216145,0.334759629,0.437395334,-0.429143847
312,-0.250863197,-0.168531167,-1.516553443,-0.344750364,-0.632382135,-0.252986803,-1.498071557,-0.729862132,0.147842128,-0.06371734
313,0.102142022,0.033728019,-0.652464486,0.015696126,-0.472549858,0.036042731,-0.650128972,-0.153678555,0.32116113,-0.846548347
314,0.730441328,0.407127722,-0.313390012,0.783018764,-0.273435973,-0.133905653,-0.317391024,0.094846803,0.496912639,0.900894145
315,0.48302452,0.520839189,-0.43734621,0.498383199,-0.280191239,0.710432855,-0.439053986,0.417451653,0.980412917,-0.773630738
316,-0.600643824,-0.214196403,0.128096376,-0.302854853,-0.584977632,-0.360244389,0.115820082,-0.146065573,-0.240529255,-0.768239225
317,-0.619615595,-0.294360715,-1.220905809,-0.448926908,-0.462051323,-0.417830281,-1.207949503,-0.742740686,-0.272833614,-0.866466383
318,-0.098234861,-0.100906811,-1.685595843,-0.365933895,-0.700342537,-0.255644567,-1.66395051,-0.816326987,0.443099055,-0.25622715
319,0.430826202,0.468699799,0.134269844,0.350533758,-0.33699536,0.260675286,0.121908067,0.407994697,0.196254287,0.029225695
320,-0.957378262,-0.935656281,0.092525223,-0.92461326,-0.166898501,-0.783725857,0.080939846,-0.540706907,-1.008293227,0.182485945
321,0.223197265,0.057001442,0.815947793,2.61E-05,1.50506776,0.023572152,0.819688817,0.365875971,-0.316758949,0.694689394
322,1.043729061,1.232479663,0.475255098,1.064788749,-0.410297942,1.036793818,0.457511601,0.808293813,0.664590953,-0.296916833
323,0.879274833,0.682003449,0.308516607,0.725054239,-0.38476082,0.348367852,0.292894965,0.54259022,0.50320294,1.42877649
324,1.021536276,0.765588733,0.541225038,0.835252129,-0.637042506,0.318444524,0.529400252,0.594825928,0.460641146,1.593249327
325,-1.086177061,-1.310267522,-0.456259741,-1.037858096,-0.336234674,-1.274862111,-0.45759546,-0.957250564,-0.988964381,-0.053502927
326,-0.706946824,-0.57100507,0.397953039,-0.754274453,-0.519878158,-1.210974259,0.391024273,-0.192494224,-1.102805956,0.268156769
327,-0.570981866,-0.310575849,0.643364963,-0.475515142,-0.422931478,-0.588093838,0.621490736,0.024939671,-0.933958341,0.199982206
328,-0.784174805,-0.770359812,-0.228216267,-0.724058903,-0.378851801,-0.545896915,-0.233816424,-0.331519677,-0.57066712,-0.761893595
329,0.699643664,0.73702565,0.808642941,0.583262417,1.65172239,0.610128791,0.816406158,0.779040471,0.353904138,-0.353184907
330,-0.466465932,-0.17300953,-0.133945742,-0.317618033,-0.583114019,-0.10571275,-0.141318383,-0.310927162,-0.290396287,-0.158239553
331,-0.77078016,-0.675210834,-0.197282644,-0.714736698,-0.391291489,-0.447946047,-0.203460549,-0.558556876,-0.68234375,-0.870072199
332,-1.047675209,-1.188077996,-0.658489388,-1.039744301,-0.287306125,-0.805371328,-0.656039344,-1.140317744,-0.974128791,-0.054213351
333,-0.158242348,0.03354683,1.103522606,-0.171654797,1.989946879,-0.363287029,1.137640525,0.819768898,-0.625116166,0.530937995
334,0.665922035,0.824332085,0.452433151,0.862311914,-0.388117731,0.421263917,0.438979642,0.486407528,0.334087762,-0.608099149
335,-0.317960494,-0.348625704,0.579792642,-0.441418362,1.282502289,-0.047238917,0.561816115,0.199217239,-0.47952594,-0.324466422
336,0.335117952,0.275989584,-1.275465918,0.071665627,-0.34355544,0.056103241,-1.26147112,-0.510579872,0.896000687,-0.881235221
337,1.421589771,1.03274902,1.101790104,1.19250658,1.444413418,1.176603706,1.101620081,1.366823527,0.760119906,1.879548898
338,-0.921126348,-0.675267624,0.317526533,-0.722970708,-0.565088837,-0.716608989,0.301750216,-0.472251539,-0.425157934,0.213631713
339,-0.626185271,-0.460449552,-1.454725053,-0.511062849,-0.36723697,-0.352405956,-1.43739628,-1.095860391,0.009616313,-1.263227278
340,0.608205047,0.412498512,0.760672283,0.519240272,1.675041625,0.297733968,0.743983084,0.454035527,0.375698935,0.020623504
341,-0.683390476,-0.984499099,0.577143605,-0.79062017,1.959947244,-0.545763572,0.559882993,-0.600960978,-0.674612727,0.345316271
342,-1.173755233,-1.145403744,-2.075737993,-1.047796945,-0.540329781,-1.069917312,-2.046822751,-1.393889154,-0.855477517,-1.109428702
343,1.020523446,0.692728803,0.744094659,0.914799191,-0.645034387,0.834735587,0.727027436,0.4720055,0.73056064,1.44216716
344,-0.114347088,-0.332667481,-0.435085729,-0.237381781,-0.54402626,0.096321237,-0.436810042,-0.228318556,-0.067547279,-1.052908675
345,-0.42321726,-0.42929843,0.025531324,-0.470509445,-0.298232463,-0.19474632,0.015191512,-0.16358187,-0.605117127,-0.458782028
346,-1.463324375,-1.418824544,-1.761444246,-1.483437717,-0.357366769,-1.566164533,-1.738395512,-1.588204581,-1.712242165,-0.793978334
347,0.73310284,0.729759128,0.436134373,0.616778826,-0.313432812,0.490624884,0.431296317,0.621468436,0.344053193,-0.441864019
348,1.007857704,0.579533863,0.406240708,0.646958104,1.41463838,0.461066733,0.390167927,0.65779913,0.479057962,-0.296512056
349,0.118341336,0.112729472,-1.761341393,-0.050611229,-0.544229466,-0.219758695,-1.73828609,-0.582440739,0.955018884,-1.107918362
350,0.325423893,0.211875442,0.653629696,0.371644743,-0.58080255,0.277753767,0.631560729,0.348642125,-0.229036914,0.974829202
351,0.645511544,0.580785966,-0.27567266,0.535019101,-0.478131341,0.570035046,-0.279982982,0.347222557,1.028700299,-0.717705485
352,0.496905897,0.283826719,0.731308883,0.516664877,-0.247611422,0.55772963,0.713257711,0.101480722,0.639486351,1.089155178
353,0.635589629,0.691668708,-0.211460364,0.640029928,-0.361442923,0.23650691,-0.217347624,-0.011588591,0.646743994,0.98218815
354,0.854588744,1.170626337,1.2050157,0.813778412,1.434230387,0.846986453,1.243292991,1.226583392,0.482612175,-0.217339686
355,0.381930019,0.062553422,0.542207856,0.182516435,-0.632819296,0.10146251,0.522219633,0.234033239,-0.45304236,0.971003099
356,0.382129245,0.272866089,-1.545857417,0.266887828,-0.473732998,0.164533638,-1.526852707,-0.493600669,0.811488121,-0.156617693
357,0.285523883,0.054951564,0.052766809,0.265509448,-0.358340019,0.059115575,0.041917433,0.384096198,0.025128528,-0.433179221
358,-0.287864295,-0.049489476,0.875801405,-0.51886158,1.345088425,-0.349013292,0.87763013,0.319447321,-0.409778214,0.392138181
359,-0.39814465,-0.282794316,0.017191086,-0.508487453,-0.36169292,-0.35535465,0.007018167,-0.005787388,-0.389222181,-0.613738485
360,1.329057202,0.950432065,0.946500299,1.377282108,1.380844674,1.072613018,0.948304038,1.082725554,0.616667611,1.616979698
361,0.45351049,0.34113137,0.652749732,0.273525818,-0.505705871,0.099874519,0.630683767,0.403901365,-0.44834586,1.044113458
362,-0.85612271,-0.989091043,0.287760863,-0.905424753,-0.479515014,-0.566054401,0.277710684,-0.413556066,-0.737837321,0.241405719
363,0.56189164,0.826403598,0.189396787,0.561824974,-0.429522307,1.022714034,0.175981551,0.28138534,0.686182506,-0.722370054
364,-0.25006868,0.088880028,1.121073906,-0.107995384,2.345052178,0.213864399,1.118526568,0.552083763,-0.055003982,0.652817047
365,0.371433093,0.27085948,0.345664839,0.191802366,-0.450099597,0.473141829,0.329361027,0.195805886,0.57954712,1.09135529
366,-0.871033618,-0.774007946,0.121966334,-0.976882898,-0.451975242,-0.816079661,0.109836762,-0.525325816,-0.620568883,0.055214003
367,-0.863488095,-0.976050787,-0.940219864,-0.846698491,-0.430551706,-0.668998046,-0.932504267,-1.058550635,-0.621722748,-0.392088892
368,0.482685717,0.635797349,-0.628115743,0.708622493,-0.378278279,0.498786067,-0.626230578,0.123287919,0.724600934,-0.171170375
369,1.091678027,0.777777127,0.683121091,1.074836417,-0.132418975,0.936330651,0.676915344,0.853431681,0.886558805,1.651875844
370,-0.812542393,-0.980777947,0.156680378,-0.820073984,-0.346665028,-0.301011412,0.143900297,-0.492372816,-0.514563814,0.136191346
371,-0.984205728,-1.150679883,0.004633872,-0.977717181,-0.363071245,-1.006190077,-0.005300527,-0.595824191,-0.617180611,-0.177426514
372,-0.621217752,-0.615312735,-0.096856936,-0.586837501,-0.232282732,-0.415454355,-0.104891967,-0.654927973,-0.647839716,-0.766969823
373,0.628924516,0.687006451,-0.316009336,0.683920464,-0.274072329,0.119412264,-0.319939446,-0.040484847,0.592682142,0.912920415
374,0.74310707,0.580261327,0.568147392,0.669483742,-0.479759663,0.825994059,0.549906564,0.523169946,0.38584703,1.381424515
375,-0.845432523,-0.900556844,-0.317236716,-0.84680731,-0.518892876,-0.673992338,-0.321170047,-0.63998885,-0.71186314,-0.89022429
376,0.264026598,0.368831773,1.105202539,0.071375442,1.95919458,-0.133554113,1.164534543,0.729626337,-0.498628386,0.847207554
377,-0.339240658,0.116115287,0.255117594,-0.077235735,-0.636648126,-0.153060038,0.240461224,-0.127780954,-0.322355901,-0.513371794
378,0.779063128,0.78447574,-0.105028039,0.788822471,-0.291466502,0.831773256,-0.110261573,0.525136853,1.261554616,-0.612996395
379,0.547883809,0.670553337,-0.505281786,0.789003837,-0.349576757,0.639027805,-0.503034123,0.196081018,1.220927507,-0.667013415
380,-1.155525488,-1.231463485,-1.23888452,-1.137645587,-0.501094965,-1.02228667,-1.225579127,-1.286272738,-0.995167209,-0.924907033
381,-0.962953002,-1.003688991,-0.939447323,-0.962192264,-0.554484688,-1.051235688,-0.931728798,-1.013747902,-1.049532642,-0.428591753
382,-0.31997661,-0.202957227,-0.654384409,-0.257295751,-0.542999534,-0.190123266,-0.652027205,-0.452389297,-0.233693538,0.110899694
383,0.968539862,0.767827914,0.526327346,0.857088577,-0.639267078,0.349967965,0.506632552,0.528388687,0.401455722,1.467939312
384,0.766082442,0.575466558,0.532509957,0.597590319,1.598255127,0.586504393,0.512698335,0.640490646,0.466784801,-0.296940238
385,1.145257803,1.026785983,0.833707084,1.148507225,-0.265964139,0.887496894,0.829706478,1.101698005,0.776378211,1.447098826
386,0.484160226,0.465689885,-0.718905264,0.602922475,-0.288716536,0.471582628,-0.715338124,0.153537886,0.79022459,-0.720694499
387,-0.76806735,-0.947628329,-0.614559712,-0.852284559,-0.492829022,-0.996871236,-0.61289537,-0.855246562,-0.690689654,0.079182558
388,-0.10619673,0.066185331,1.077356793,-0.137920749,1.918554701,0.143126063,1.093625933,0.789957972,-0.358824208,0.460352671
389,-0.265706106,-0.221982155,-0.331133304,-0.298973624,-0.396998639,-0.107662888,-0.334812905,-0.289784382,-0.176866011,-0.711504419
390,0.713280482,0.919878599,0.556401575,0.726505165,-0.504080222,0.672945355,0.549231002,0.735576815,0.844957922,-0.627805159
391,0.501892503,0.704289793,0.371780369,0.228801,-0.406737825,0.914277576,0.354975283,0.422925038,0.464335572,-0.31562467
392,1.0418394,0.714787984,0.392094987,0.885018918,-0.40653863,0.995065109,0.386726685,0.529199451,0.97096203,1.579383665
393,0.856905488,0.955310668,0.25528673,1.153476649,-0.396776717,1.024102011,0.263389092,0.713626197,1.279644696,-0.376334272
394,-0.890808257,-1.021321191,0.136800028,-0.941081279,-0.557598287,-0.297523286,0.124385126,-0.600091676,-0.516376295,0.114692753
395,0.909368645,0.654405811,0.559194607,0.833728656,1.560575105,0.875965776,0.549040703,0.799791041,0.826789373,-0.091246277
396,-0.947656765,-0.907255458,-0.352314174,-0.997087053,-0.434491498,-0.454273767,-0.355601494,-0.82378045,-0.330879323,0.060692254
397,-0.865760699,-0.77355362,-0.512867769,-0.662648426,-0.646031701,-0.70797656,-0.513153277,-0.443871889,-0.637187368,-0.810344249
398,-0.487822447,-0.222414847,-2.076259115,-0.66910505,-0.338252029,-0.430346317,-2.047292156,-1.143287129,0.113649392,-1.228603736
399,-0.283811783,-0.246385985,-0.346684684,-0.179888806,-0.309829915,-0.050642188,-0.350070134,-0.353874213,-0.106338751,-0.969159852
400,-1.804137461,-1.586533272,-1.955390794,-1.505129072,-0.395854268,-1.666136756,-1.928734241,-1.698686476,-1.165063208,-0.50587792
401,-0.839006004,-1.26819363,0.635159576,-0.563840311,1.486186974,-0.96839801,0.618859851,-0.294697257,-1.599787287,0.426468466
402,0.736060208,1.057282658,1.097563987,0.999098038,1.360879677,0.794544865,1.138639596,1.280747955,0.452454751,0.344070275
403,1.399736982,1.20257253,1.017875737,1.392589386,1.498777729,1.350916036,1.016722902,1.133145092,0.752899568,1.98530022
404,0.628001159,0.756810493,0.367631963,0.546481423,-0.346017977,0.088472197,0.365344998,0.588822765,0.133131315,-0.406024771
405,-0.19278116,0.305764205,0.292265826,0.144538426,-0.666506051,-0.128182521,0.276927286,0.084877632,-0.256018316,-0.648630501
406,0.268190056,0.448487672,0.204017918,0.323111242,-0.33288311,0.144010974,0.190342789,0.280955079,0.127602539,-0.777455464
407,0.592337378,0.354415015,-0.316496174,0.577531256,-0.35745634,0.52530764,-0.320454839,0.45659953,0.727105477,-0.699542858
408,-0.284290163,-0.357247093,0.696683979,-0.287765214,1.56486917,-0.280582694,0.682548197,0.283937635,-0.374863831,0.608685387
409,0.285953351,0.214890765,-0.939081623,0.127925314,-0.344976546,0.296950579,-0.931395774,-0.131082547,0.718154984,-0.734173283
410,0.656047839,0.344665923,-0.059928124,0.567302222,-0.373540369,-0.023103877,-0.068659021,0.117548182,0.211393458,1.02538497
411,-1.262786441,-1.242386255,-0.632785271,-1.1051811,-0.415125424,-1.285314365,-0.63079617,-1.04130069,-1.103945671,-0.091432144
412,1.09575082,1.109670846,0.350855489,1.316415729,-0.575861433,0.936565516,0.346705202,0.925757933,1.406538966,-0.174240619
413,-0.753282897,-0.769053623,-0.077975404,-0.75195297,-0.475175494,-0.466870113,-0.086398067,-0.563642441,-0.993630009,-0.394415669
414,-0.548025581,-0.465633743,0.467385698,-0.527458321,-0.458239872,-0.671602775,0.456258799,-0.210904702,-0.481804084,0.28292423
415,1.2877137,1.454345207,0.78404278,1.513197676,-0.403045357,1.081613654,0.804165169,1.159298801,1.183494431,0.167612471
416,-0.703367919,-0.883411423,0.510243416,-0.871364246,1.296736073,-0.693308856,0.490815527,-0.316579091,-0.592752635,0.539575982
417,0.661734717,0.361027091,0.34607168,0.452098634,1.528977896,0.310619728,0.331960195,0.551103237,0.169477417,-0.14241747
418,0.812011713,0.560192529,0.225182788,0.641698494,-0.361495061,0.482590982,0.211120277,0.552612077,0.535076368,1.498475161
419,0.35759347,0.266867896,0.073540838,0.2421858,-0.420863322,0.241331494,0.06230798,0.43043704,0.348451258,-0.49518163
420,1.1101237,1.017529078,1.129053016,0.550326379,1.401216084,0.862567858,1.15588545,0.954560526,0.58086178,0.109284718
421,-1.098935854,-1.397325159,-0.853944448,-1.155020435,-0.323122534,-0.75366464,-0.847854477,-1.062652747,-0.541185034,0.019761633
422,-0.533436774,-0.679167261,0.613311305,-0.668814865,1.228881285,-0.3533636,0.595572,-0.177075082,-0.453397396,0.513781802
423,-0.123747676,0.0158335,1.12215272,0.064338447,2.140467772,-0.246743937,1.158546466,0.753719477,-0.667670242,0.730579583
424,0.319209722,0.240692732,0.480226328,0.229345097,-0.60947065,0.057268475,0.461406389,0.288960271,0.062099801,1.05371933
425,-0.483036259,-0.356365483,-0.15055308,-0.326142228,-0.466135497,-0.153641897,-0.157601641,-0.505248443,-0.510151599,-0.359575971
426,0.110158768,0.228131141,0.888724318,-0.03095117,1.602529139,0.060064127,0.878664089,0.507146391,-0.227747982,0.77064558
427,0.374392847,0.641054557,0.171189514,0.218535693,-0.395435824,0.73532401,0.158128326,0.20865956,0.484526279,-0.902965114
428,0.135974597,0.024776703,-1.571081554,0.087299364,-0.426063793,-0.012428879,-1.551582073,-0.539601986,1.007980899,-1.055534216
429,0.02275954,0.089420893,-2.006069915,-0.11401673,-0.49347741,-0.139925776,-1.978465735,-0.691333303,0.936704977,-1.149491945
430,1.225428837,1.252364566,1.081098358,1.378914401,-0.176967897,0.987534273,1.145003514,1.225261876,1.033274595,1.746055237
431,-1.073271532,-0.921101603,-0.161917198,-1.04522155,-0.30497837,-0.389331295,-0.168759511,-0.945907192,-0.655716098,0.014513305
432,0.598638636,0.339038222,0.588416298,0.514887492,1.560271633,0.32471921,0.573587699,0.42835891,0.127769766,-0.00517343
433,0.590095791,0.539747831,0.013666655,0.649025674,-0.191363444,0.329796842,0.006244284,0.314590057,0.662082551,0.49508911
434,-0.402200742,-0.547728943,0.157583199,-0.439278245,-0.298831386,-0.414689149,0.144778845,-0.270503138,-0.923937596,0.483005014
435,0.012359245,0.226427416,1.101984382,0.126800846,2.257160201,0.306842188,1.089341032,0.60539805,-0.390109769,0.710618867
436,1.017204609,1.098258594,0.181863374,1.13345386,-0.372624605,0.801093813,0.185315721,0.830696643,1.061830501,-0.638692823
437,-0.897166777,-0.884747359,0.180727419,-0.819058335,-0.316573148,-0.409220581,0.167492626,-0.518441644,-0.942291381,0.157896457
438,-1.384559851,-1.256743517,-1.417430541,-1.314187105,-0.407319369,-1.055190513,-1.400831897,-1.641798391,-1.137433481,-0.991629082
439,-0.438032731,-0.262400999,-0.781828468,-0.316602384,-0.481837178,-0.261129803,-0.777061632,-0.494512412,-0.004579956,0.081998096
440,-0.395523699,-0.351216448,0.100118063,-0.424406245,-0.695946869,-0.376662217,0.088375782,-0.123841287,-0.432989294,-0.631490829
441,-1.018044268,-0.753560543,-1.865995503,-1.055087852,-0.40875117,-0.774178212,-1.840992091,-1.426878741,-0.287337323,-1.551911451
442,0.370824679,0.519295019,1.15256065,0.432148391,2.094811912,0.294017038,1.192811401,0.911546156,-0.208880939,0.938722856
443,0.801412192,0.689624238,0.042856347,0.695926883,-0.420348622,0.373751466,0.032201079,0.306687308,0.578798458,1.274132564
444,-0.339408867,0.359994038,0.400976918,-0.13324151,-0.509102888,-0.219443521,0.383601023,0.178838391,-0.180959209,-0.72428104
445,0.205861053,0.599937997,0.349580111,0.247844414,-0.311974274,0.062020326,0.333165423,0.519812741,-0.07987318,-0.849194539
446,-0.616680894,-0.608024578,0.390981888,-0.557565052,-0.25161271,-0.408046255,0.373833923,-0.168074729,-1.191331965,0.252282368
447,0.099925488,0.172908821,1.001236401,0.002674058,1.329037819,-0.020605215,1.072217286,0.815009686,-0.517024621,-0.027847802
448,0.965843754,0.546811528,0.6979365,0.871452753,1.597058618,0.574809626,0.675045655,0.966801006,0.72514635,0.165737282
449,1.38145236,1.010359912,1.080472097,1.275717232,1.185039573,0.916009517,1.142578787,1.375338007,0.478883017,1.660084273
450,0.241478308,0.11594221,0.424265132,0.195103225,-0.617417077,0.050775591,0.40646863,0.234104949,-0.478934214,0.997601326
451,-0.845666345,-0.780068339,-0.183514051,-0.836106725,-0.467171581,-0.800663419,-0.189944556,-0.697320368,-0.800863816,-0.561838969
452,0.03657769,0.135921765,-0.945629933,-0.02213679,-0.342135671,0.050069481,-0.937824712,-0.158085069,0.39374528,-0.905364861
453,1.035918699,0.925379196,0.230332297,1.043786583,-0.523051916,0.873189822,0.218262836,0.640742363,0.950993864,0.076853028
454,0.880689693,0.866887347,-0.028041396,0.982738838,-0.086019808,1.191400208,-0.020722682,0.833913355,1.075130177,-0.564578784
455,-1.69852519,-1.640930774,-1.331923095,-1.50349678,-0.090892743,-1.463955789,-1.316906829,-1.754279389,-1.170440192,-1.045599291
456,1.255907978,1.058442814,0.827234199,1.235272648,-0.45645246,0.829086702,0.852282292,0.956307912,0.817353922,1.726383646
457,-0.318002248,-0.527881901,0.744938054,-0.460643142,1.335174108,-0.379409381,0.726180605,-0.143191314,-0.68072165,0.551387473
458,0.212615638,0.259103778,0.441814146,0.094300086,-0.204067835,0.054839515,0.423673253,0.119651191,0.112719354,0.927953596
459,-0.110568958,-0.058746381,-0.24249684,-0.174012553,-0.348452439,0.102256505,-0.247843052,-0.263424323,0.10715842,0.227665344
460,-0.160322885,0.09069463,0.760233444,-0.327339243,1.458346404,-0.164762381,0.765624847,0.245361976,-0.43714681,0.518249489
461,1.043361627,0.758687295,0.506648131,0.886469845,-0.662978019,0.656626019,0.490577653,0.611481703,0.774623615,1.61298425
462,-0.449231122,-0.321598678,-1.718321394,-0.518680214,-0.314754989,-0.249204717,-1.696079339,-0.900258572,0.13667395,-1.210164373
463,-0.794320999,-0.994883708,0.560300848,-0.989397141,0.971613029,-0.532226251,0.543371376,-0.22061923,-0.45087613,0.574978788
464,-0.210721014,-0.356665663,-0.304704645,-0.272312844,-0.335544842,-0.13406627,-0.308886241,-0.168437671,-0.23355847,-0.83673871
465,0.960594695,0.722806308,0.361993331,0.742283994,-0.206918067,0.58042669,0.349684969,0.813026682,0.59484194,1.501048383
466,0.089638524,0.290809287,1.052340648,0.070250974,2.172793582,-0.004678331,1.059760626,0.595984997,-0.304635006,0.888503025
467,-0.41835353,-0.356976661,0.494996025,-0.512296136,-0.52063617,-0.578093131,0.475891321,-0.038839904,-0.762104503,0.234938931
468,-1.618385173,-1.654657928,-1.306209835,-1.403527923,-0.563004638,-1.470106224,-1.29166207,-1.644858511,-1.709145897,-0.346457906
469,0.198277355,0.430417371,0.105167005,0.470235219,-0.366507032,0.296391449,0.09332673,0.332941996,0.055702733,-0.80301559
470,-0.095967029,-0.14551736,-0.996432478,-0.153336846,-0.333241395,-0.058615479,-0.98766087,-0.287985775,0.305327325,-1.057022527
471,0.109267621,0.015225026,-0.99152296,0.010182604,-0.481496273,-0.233408145,-0.982847889,-0.235403224,0.832171503,-0.793367038
472,0.740754537,0.656739643,0.162001309,0.663825128,-0.506864948,-0.030175589,0.149117664,0.277852518,0.21324453,1.336402071
473,-0.080178096,0.016844917,-1.94790995,-0.150471266,-0.347448441,-0.33066957,-1.921374424,-0.871347682,0.267540499,-1.231968614
474,-0.201965822,0.202975508,0.472898621,0.068437315,-0.493656553,-0.378533562,0.460689596,0.119576554,-0.448654586,-0.571447594
475,-0.294734598,0.080372221,0.131847083,-0.08666676,-0.717726015,0.124488381,0.119515056,-0.048023191,-0.191113735,-0.515414951
476,-0.389890504,-0.326304204,-2.095753195,-0.522488897,-0.493294257,-0.508635188,-2.066452102,-1.062763971,0.707696877,-1.243701627
477,-0.516382103,-0.465241616,-0.010492381,-0.55810915,-0.162576362,-0.348967834,-0.020158128,-0.309103676,-0.532210101,-0.674832212
478,0.248642081,0.183682852,0.295189138,0.144937431,-0.696262373,0.217682851,0.279813489,0.340462779,0.467884639,1.10102174
479,-1.041222444,-0.783197243,-1.316172866,-0.852828656,-0.434995502,-0.267834823,-1.301449786,-1.218509592,-0.511238573,-1.383733669
480,-1.450806561,-1.658722529,-1.224158251,-1.389453933,-0.5151349,-1.214630578,-1.211138599,-1.724424559,-1.274263595,-0.273255302
481,0.782639646,0.975017086,1.155209687,0.63433504,1.553333214,0.830805006,1.20710762,0.991375629,0.515169947,-0.198499678
482,-0.807582032,-1.075683536,0.473099755,-0.627427178,1.927332669,-0.992860347,0.455090045,-0.35838756,-0.76179449,0.271735049
483,0.406277305,0.57080971,-0.391908023,0.473282166,-0.458092815,0.182366717,-0.394428851,-0.077078965,0.699163165,0.346028072
484,0.646685425,0.668443963,0.294156037,0.513182653,-0.462480462,0.118710699,0.279523283,0.579605818,0.055356702,-0.508734761
485,-0.778820765,-0.845613069,-0.361584661,-0.857580442,-0.539717489,-0.522042197,-0.364699376,-0.470905145,-0.586691306,-0.889100828
486,0.929360404,1.262175858,0.45578616,1.010959364,-0.668258703,1.013911896,0.439823301,0.704956589,0.971236025,-0.48315123
487,0.351615507,0.21314918,0.43232881,0.160353528,-0.461095452,0.164119972,0.417066703,0.562230015,0.157597882,-0.406535561
488,-0.998977059,-1.186947588,-0.016983551,-1.105616378,-0.308757736,-0.692740634,-0.026539491,-0.779933364,-0.694052199,-0.2999086
489,-0.64632973,-0.261484233,-0.003672082,-0.419436821,-0.614643046,-0.197190432,-0.013477045,-0.25420884,-0.500442154,-0.726205793
490,-0.14268008,0.124779945,0.377380145,0.150160767,-0.388159175,0.142909381,0.363738556,0.212767526,-0.127059438,-0.458108777
491,1.140862908,0.911825119,0.572391794,1.149631693,-0.749685519,0.500840758,0.551839685,0.749438822,0.562387077,1.528414859
492,-0.119072435,-0.25869337,0.630494619,-0.374131632,1.36230613,-0.111102525,0.614176907,-0.136134452,-0.383012921,0.643922977
493,-0.123787044,-0.164466566,-0.084973982,-0.12729271,-0.470997738,-0.208410923,-0.093244077,0.080733079,-0.194608775,-0.669436568
494,0.485142038,0.47590953,0.249492676,0.52551553,-0.334558223,0.744564057,0.234967924,0.351235397,0.574417116,-0.149105921
495,-0.125074257,0.000973233,1.113682201,-0.128018173,2.047377997,-0.117793907,1.132800585,0.280057971,-0.526583562,0.798016186
496,0.022705857,-0.047896628,0.474690549,-0.016550722,-0.431126566,-0.081998951,0.462776543,0.089287073,-0.608681631,0.516306837
497,-1.475839803,-1.29410377,-1.230311148,-1.231266639,-0.30330593,-0.97720924,-1.217209139,-1.553846648,-1.12693807,-1.407276796
498,1.002034827,0.870013547,0.037002867,0.963332692,-0.261270346,0.620494676,0.029487731,0.414338848,0.726121411,-0.088444507
499,0.330749303,0.305096237,0.692610998,0.211861429,-0.629403562,0.222872612,0.679603318,0.295588336,-0.061082033,0.818856673
500,-1.477784341,-1.536384266,-1.974210615,-1.430587708,-0.478196848,-1.539212627,-1.94719008,-1.503318813,-1.813341057,-0.509822426
